Episode,Season,Week Number,Judge,Week Name,Baker,Gender,Age,Signature Handshake,Technical Rank,Showstopper Handshake,Star Baker,Eliminated,Competed,Winner
"Series 1, Episode 1",1,1,Mary,Cake,Annetha,F,30,0,2.0,0,0,0,1,0
"Series 1, Episode 1",1,1,Mary,Cake,David,M,31,0,3.0,0,0,0,1,0
"Series 1, Episode 1",1,1,Mary,Cake,Edd,M,24,0,1.0,0,0,0,1,1
"Series 1, Episode 1",1,1,Mary,Cake,Jasminder,F,45,0,,0,0,0,1,0
"Series 1, Episode 1",1,1,Mary,Cake,Jonathan,M,25,0,9.0,0,0,0,1,0
"Series 1, Episode 1",1,1,Mary,Cake,Lea,F,51,0,10.0,0,0,1,1,0
"Series 1, Episode 1",1,1,Mary,Cake,Louise,F,44,0,,0,0,1,1,0
"Series 1, Episode 1",1,1,Mary,Cake,Mark,M,48,0,,0,0,0,1,0
"Series 1, Episode 1",1,1,Mary,Cake,Miranda,F,37,0,8.0,0,0,0,1,0
"Series 1, Episode 1",1,1,Mary,Cake,Ruth,F,31,0,,0,0,0,1,0
"Series 1, Episode 2",1,2,Mary,Biscuits,Annetha,F,30,0,7.0,0,0,1,1,0
"Series 1, Episode 2",1,2,Mary,Biscuits,David,M,31,0,8.0,0,0,0,1,0
"Series 1, Episode 2",1,2,Mary,Biscuits,Edd,M,24,0,6.0,0,0,0,1,1
"Series 1, Episode 2",1,2,Mary,Biscuits,Jasminder,F,45,0,2.0,0,0,0,1,0
"Series 1, Episode 2",1,2,Mary,Biscuits,Jonathan,M,25,0,1.0,0,0,0,1,0
"Series 1, Episode 2",1,2,Mary,Biscuits,Lea,F,51,0,,0,0,0,0,0
"Series 1, Episode 2",1,2,Mary,Biscuits,Louise,F,44,0,4.0,0,0,1,1,0
"Series 1, Episode 2",1,2,Mary,Biscuits,Mark,M,48,0,,0,0,0,0,0
"Series 1, Episode 2",1,2,Mary,Biscuits,Miranda,F,37,0,3.0,0,0,0,1,0
"Series 1, Episode 2",1,2,Mary,Biscuits,Ruth,F,31,0,5.0,0,0,0,1,0
"Series 1, Episode 3",1,3,Mary,Bread,Annetha,F,30,0,,0,0,0,0,0
"Series 1, Episode 3",1,3,Mary,Bread,David,M,31,0,4.0,0,0,0,1,0
"Series 1, Episode 3",1,3,Mary,Bread,Edd,M,24,0,1.0,0,0,0,1,1
"Series 1, Episode 3",1,3,Mary,Bread,Jasminder,F,45,0,5.0,0,0,0,1,0
"Series 1, Episode 3",1,3,Mary,Bread,Jonathan,M,25,0,6.0,0,0,1,1,0
"Series 1, Episode 3",1,3,Mary,Bread,Lea,F,51,0,,0,0,0,0,0
"Series 1, Episode 3",1,3,Mary,Bread,Louise,F,44,0,,0,0,0,0,0
"Series 1, Episode 3",1,3,Mary,Bread,Mark,M,48,0,,0,0,0,0,0
"Series 1, Episode 3",1,3,Mary,Bread,Miranda,F,37,0,3.0,0,0,0,1,0
"Series 1, Episode 3",1,3,Mary,Bread,Ruth,F,31,0,2.0,0,0,0,1,0
"Series 1, Episode 4",1,4,Mary,Pudding,Annetha,F,30,0,,0,0,0,0,0
"Series 1, Episode 4",1,4,Mary,Pudding,David,M,31,0,5.0,0,0,1,1,0
"Series 1, Episode 4",1,4,Mary,Pudding,Edd,M,24,0,3.0,0,0,0,1,1
"Series 1, Episode 4",1,4,Mary,Pudding,Jasminder,F,45,0,2.0,0,0,0,1,0
"Series 1, Episode 4",1,4,Mary,Pudding,Jonathan,M,25,0,,0,0,0,0,0
"Series 1, Episode 4",1,4,Mary,Pudding,Lea,F,51,0,,0,0,0,0,0
"Series 1, Episode 4",1,4,Mary,Pudding,Louise,F,44,0,,0,0,0,0,0
"Series 1, Episode 4",1,4,Mary,Pudding,Mark,M,48,0,,0,0,0,0,0
"Series 1, Episode 4",1,4,Mary,Pudding,Miranda,F,37,0,1.0,0,0,0,1,0
"Series 1, Episode 4",1,4,Mary,Pudding,Ruth,F,31,0,4.0,0,0,0,1,0
"Series 1, Episode 5",1,5,Mary,Pastry,Annetha,F,30,0,,0,0,0,0,0
"Series 1, Episode 5",1,5,Mary,Pastry,David,M,31,0,,0,0,0,0,0
"Series 1, Episode 5",1,5,Mary,Pastry,Edd,M,24,0,2.0,0,0,0,1,1
"Series 1, Episode 5",1,5,Mary,Pastry,Jasminder,F,45,0,4.0,0,0,1,1,0
"Series 1, Episode 5",1,5,Mary,Pastry,Jonathan,M,25,0,,0,0,0,0,0
"Series 1, Episode 5",1,5,Mary,Pastry,Lea,F,51,0,,0,0,0,0,0
"Series 1, Episode 5",1,5,Mary,Pastry,Louise,F,44,0,,0,0,0,0,0
"Series 1, Episode 5",1,5,Mary,Pastry,Mark,M,48,0,,0,0,0,0,0
"Series 1, Episode 5",1,5,Mary,Pastry,Miranda,F,37,0,1.0,0,0,0,1,0
"Series 1, Episode 5",1,5,Mary,Pastry,Ruth,F,31,0,3.0,0,0,0,1,0
"Series 1, Episode 6",1,6,Mary,Final,Annetha,F,30,0,,0,0,0,0,0
"Series 1, Episode 6",1,6,Mary,Final,David,M,31,0,,0,0,0,0,0
"Series 1, Episode 6",1,6,Mary,Final,Edd,M,24,0,,0,0,0,1,1
"Series 1, Episode 6",1,6,Mary,Final,Jasminder,F,45,0,,0,0,0,0,0
"Series 1, Episode 6",1,6,Mary,Final,Jonathan,M,25,0,,0,0,0,0,0
"Series 1, Episode 6",1,6,Mary,Final,Lea,F,51,0,,0,0,0,0,0
"Series 1, Episode 6",1,6,Mary,Final,Louise,F,44,0,,0,0,0,0,0
"Series 1, Episode 6",1,6,Mary,Final,Mark,M,48,0,,0,0,0,0,0
"Series 1, Episode 6",1,6,Mary,Final,Miranda,F,37,0,,0,0,1,1,0
"Series 1, Episode 6",1,6,Mary,Final,Ruth,F,31,0,,0,0,1,1,0
"Series 2, Episode 1",2,1,Mary,Cake,Ben,M,31,0,2.0,0,0,0,1,0
"Series 2, Episode 1",2,1,Mary,Cake,Holly,F,31,0,1.0,0,1,0,1,0
"Series 2, Episode 1",2,1,Mary,Cake,Ian,M,40,0,10.0,0,0,0,1,0
"Series 2, Episode 1",2,1,Mary,Cake,Janet,F,63,0,8.0,0,0,0,1,0
"Series 2, Episode 1",2,1,Mary,Cake,Jason,M,19,0,6.0,0,0,0,1,0
"Series 2, Episode 1",2,1,Mary,Cake,Joanne,F,41,0,11.0,0,0,0,1,1
"Series 2, Episode 1",2,1,Mary,Cake,Keith,M,31,0,12.0,0,0,1,1,0
"Series 2, Episode 1",2,1,Mary,Cake,Mary-Anne,F,45,0,4.0,0,0,0,1,0
"Series 2, Episode 1",2,1,Mary,Cake,Robert,M,25,0,3.0,0,0,0,1,0
"Series 2, Episode 1",2,1,Mary,Cake,Simon,M,31,0,9.0,0,0,0,1,0
"Series 2, Episode 1",2,1,Mary,Cake,Urvashi,F,40,0,7.0,0,0,0,1,0
"Series 2, Episode 1",2,1,Mary,Cake,Yasmin,F,43,0,5.0,0,0,0,1,0
"Series 2, Episode 2",2,2,Mary,Tarts,Ben,M,31,0,1.0,0,0,0,1,0
"Series 2, Episode 2",2,2,Mary,Tarts,Holly,F,31,0,4.0,0,0,0,1,0
"Series 2, Episode 2",2,2,Mary,Tarts,Ian,M,40,0,2.0,0,0,0,1,0
"Series 2, Episode 2",2,2,Mary,Tarts,Janet,F,63,0,8.0,0,0,0,1,0
"Series 2, Episode 2",2,2,Mary,Tarts,Jason,M,19,0,3.0,0,1,0,1,0
"Series 2, Episode 2",2,2,Mary,Tarts,Joanne,F,41,0,10.0,0,0,0,1,1
"Series 2, Episode 2",2,2,Mary,Tarts,Keith,M,31,0,,0,0,0,0,0
"Series 2, Episode 2",2,2,Mary,Tarts,Mary-Anne,F,45,0,9.0,0,0,0,1,0
"Series 2, Episode 2",2,2,Mary,Tarts,Robert,M,25,0,5.0,0,0,0,1,0
"Series 2, Episode 2",2,2,Mary,Tarts,Simon,M,31,0,11.0,0,0,1,1,0
"Series 2, Episode 2",2,2,Mary,Tarts,Urvashi,F,40,0,7.0,0,0,0,1,0
"Series 2, Episode 2",2,2,Mary,Tarts,Yasmin,F,43,0,6.0,0,0,0,1,0
"Series 2, Episode 3",2,3,Mary,Bread,Ben,M,31,0,3.0,0,0,0,1,0
"Series 2, Episode 3",2,3,Mary,Bread,Holly,F,31,0,6.0,0,0,0,1,0
"Series 2, Episode 3",2,3,Mary,Bread,Ian,M,40,0,10.0,0,0,1,1,0
"Series 2, Episode 3",2,3,Mary,Bread,Janet,F,63,0,8.0,0,0,0,1,0
"Series 2, Episode 3",2,3,Mary,Bread,Jason,M,19,0,7.0,0,0,0,1,0
"Series 2, Episode 3",2,3,Mary,Bread,Joanne,F,41,0,1.0,0,0,0,1,1
"Series 2, Episode 3",2,3,Mary,Bread,Keith,M,31,0,,0,0,0,0,0
"Series 2, Episode 3",2,3,Mary,Bread,Mary-Anne,F,45,0,5.0,0,0,0,1,0
"Series 2, Episode 3",2,3,Mary,Bread,Robert,M,25,0,4.0,0,0,0,1,0
"Series 2, Episode 3",2,3,Mary,Bread,Simon,M,31,0,,0,0,0,0,0
"Series 2, Episode 3",2,3,Mary,Bread,Urvashi,F,40,0,9.0,0,0,1,1,0
"Series 2, Episode 3",2,3,Mary,Bread,Yasmin,F,43,0,2.0,0,1,0,1,0
"Series 2, Episode 4",2,4,Mary,Biscuits,Ben,M,31,0,5.0,0,0,1,1,0
"Series 2, Episode 4",2,4,Mary,Biscuits,Holly,F,31,0,3.0,0,1,0,1,0
"Series 2, Episode 4",2,4,Mary,Biscuits,Ian,M,40,0,,0,0,0,0,0
"Series 2, Episode 4",2,4,Mary,Biscuits,Janet,F,63,0,4.0,0,0,0,1,0
"Series 2, Episode 4",2,4,Mary,Biscuits,Jason,M,19,0,1.0,0,1,0,1,0
"Series 2, Episode 4",2,4,Mary,Biscuits,Joanne,F,41,0,8.0,0,0,0,1,1
"Series 2, Episode 4",2,4,Mary,Biscuits,Keith,M,31,0,,0,0,0,0,0
"Series 2, Episode 4",2,4,Mary,Biscuits,Mary-Anne,F,45,0,2.0,0,0,0,1,0
"Series 2, Episode 4",2,4,Mary,Biscuits,Robert,M,25,0,7.0,0,0,0,1,0
"Series 2, Episode 4",2,4,Mary,Biscuits,Simon,M,31,0,,0,0,0,0,0
"Series 2, Episode 4",2,4,Mary,Biscuits,Urvashi,F,40,0,,0,0,0,0,0
"Series 2, Episode 4",2,4,Mary,Biscuits,Yasmin,F,43,0,6.0,0,0,0,1,0
"Series 2, Episode 5",2,5,Mary,Pie,Ben,M,31,0,,0,0,0,0,0
"Series 2, Episode 5",2,5,Mary,Pie,Holly,F,31,0,4.0,0,0,0,1,0
"Series 2, Episode 5",2,5,Mary,Pie,Ian,M,40,0,,0,0,0,0,0
"Series 2, Episode 5",2,5,Mary,Pie,Janet,F,63,0,1.0,0,1,0,1,0
"Series 2, Episode 5",2,5,Mary,Pie,Jason,M,19,0,7.0,0,0,1,1,0
"Series 2, Episode 5",2,5,Mary,Pie,Joanne,F,41,0,6.0,0,0,0,1,1
"Series 2, Episode 5",2,5,Mary,Pie,Keith,M,31,0,,0,0,0,0,0
"Series 2, Episode 5",2,5,Mary,Pie,Mary-Anne,F,45,0,2.0,0,0,0,1,0
"Series 2, Episode 5",2,5,Mary,Pie,Robert,M,25,0,3.0,0,0,1,1,0
"Series 2, Episode 5",2,5,Mary,Pie,Simon,M,31,0,,0,0,0,0,0
"Series 2, Episode 5",2,5,Mary,Pie,Urvashi,F,40,0,,0,0,0,0,0
"Series 2, Episode 5",2,5,Mary,Pie,Yasmin,F,43,0,5.0,0,0,0,1,0
"Series 2, Episode 6",2,6,Mary,Dessert,Ben,M,31,0,,0,0,0,0,0
"Series 2, Episode 6",2,6,Mary,Dessert,Holly,F,31,0,3.0,0,0,0,1,0
"Series 2, Episode 6",2,6,Mary,Dessert,Ian,M,40,0,,0,0,0,0,0
"Series 2, Episode 6",2,6,Mary,Dessert,Janet,F,63,0,5.0,0,0,0,1,0
"Series 2, Episode 6",2,6,Mary,Dessert,Jason,M,19,0,,0,0,0,0,0
"Series 2, Episode 6",2,6,Mary,Dessert,Joanne,F,41,0,1.0,0,1,0,1,1
"Series 2, Episode 6",2,6,Mary,Dessert,Keith,M,31,0,,0,0,0,0,0
"Series 2, Episode 6",2,6,Mary,Dessert,Mary-Anne,F,45,0,4.0,0,0,0,1,0
"Series 2, Episode 6",2,6,Mary,Dessert,Robert,M,25,0,,0,0,0,0,0
"Series 2, Episode 6",2,6,Mary,Dessert,Simon,M,31,0,,0,0,0,0,0
"Series 2, Episode 6",2,6,Mary,Dessert,Urvashi,F,40,0,,0,0,0,0,0
"Series 2, Episode 6",2,6,Mary,Dessert,Yasmin,F,43,0,2.0,0,0,1,1,0
"Series 2, Episode 7",2,7,Mary,Pâtisserie,Ben,M,31,0,,0,0,0,0,0
"Series 2, Episode 7",2,7,Mary,Pâtisserie,Holly,F,31,0,1.0,0,0,0,1,0
"Series 2, Episode 7",2,7,Mary,Pâtisserie,Ian,M,40,0,,0,0,0,0,0
"Series 2, Episode 7",2,7,Mary,Pâtisserie,Janet,F,63,0,4.0,0,0,1,1,0
"Series 2, Episode 7",2,7,Mary,Pâtisserie,Jason,M,19,0,,0,0,0,0,0
"Series 2, Episode 7",2,7,Mary,Pâtisserie,Joanne,F,41,0,3.0,0,0,0,1,1
"Series 2, Episode 7",2,7,Mary,Pâtisserie,Keith,M,31,0,,0,0,0,0,0
"Series 2, Episode 7",2,7,Mary,Pâtisserie,Mary-Anne,F,45,0,2.0,0,0,0,1,0
"Series 2, Episode 7",2,7,Mary,Pâtisserie,Robert,M,25,0,,0,0,0,0,0
"Series 2, Episode 7",2,7,Mary,Pâtisserie,Simon,M,31,0,,0,0,0,0,0
"Series 2, Episode 7",2,7,Mary,Pâtisserie,Urvashi,F,40,0,,0,0,0,0,0
"Series 2, Episode 7",2,7,Mary,Pâtisserie,Yasmin,F,43,0,,0,0,0,0,0
"Series 2, Episode 8",2,8,Mary,Final,Ben,M,31,0,,0,0,0,0,0
"Series 2, Episode 8",2,8,Mary,Final,Holly,F,31,0,2.0,0,0,1,1,0
"Series 2, Episode 8",2,8,Mary,Final,Ian,M,40,0,,0,0,0,0,0
"Series 2, Episode 8",2,8,Mary,Final,Janet,F,63,0,,0,0,0,0,0
"Series 2, Episode 8",2,8,Mary,Final,Jason,M,19,0,,0,0,0,0,0
"Series 2, Episode 8",2,8,Mary,Final,Joanne,F,41,0,1.0,0,1,0,1,1
"Series 2, Episode 8",2,8,Mary,Final,Keith,M,31,0,,0,0,0,0,0
"Series 2, Episode 8",2,8,Mary,Final,Mary-Anne,F,45,0,3.0,0,0,1,1,0
"Series 2, Episode 8",2,8,Mary,Final,Robert,M,25,0,,0,0,0,0,0
"Series 2, Episode 8",2,8,Mary,Final,Simon,M,31,0,,0,0,0,0,0
"Series 2, Episode 8",2,8,Mary,Final,Urvashi,F,40,0,,0,0,0,0,0
"Series 2, Episode 8",2,8,Mary,Final,Yasmin,F,43,0,,0,0,0,0,0
"Series 3, Episode 1",3,1,Mary,Cake,Brenden,M,63,0,10.0,0,0,0,1,0
"Series 3, Episode 1",3,1,Mary,Cake,Cathryn,F,27,0,5.0,0,0,0,1,0
"Series 3, Episode 1",3,1,Mary,Cake,Danny,F,45,0,7.0,0,0,0,1,0
"Series 3, Episode 1",3,1,Mary,Cake,James,M,21,0,2.0,0,0,0,1,0
"Series 3, Episode 1",3,1,Mary,Cake,John,M,23,0,11.0,0,0,0,1,1
"Series 3, Episode 1",3,1,Mary,Cake,Manisha,F,27,0,6.0,0,0,0,1,0
"Series 3, Episode 1",3,1,Mary,Cake,Natasha,F,36,0,12.0,0,0,1,1,0
"Series 3, Episode 1",3,1,Mary,Cake,Peter,M,43,0,3.0,0,0,0,1,0
"Series 3, Episode 1",3,1,Mary,Cake,Ryan,M,38,0,8.0,0,0,0,1,0
"Series 3, Episode 1",3,1,Mary,Cake,Sarah-Jane,F,28,0,1.0,0,0,0,1,0
"Series 3, Episode 1",3,1,Mary,Cake,Stuart,M,26,0,9.0,0,0,0,1,0
"Series 3, Episode 1",3,1,Mary,Cake,Victoria,F,50,0,4.0,0,1,0,1,0
"Series 3, Episode 2",3,2,Mary,Bread,Brenden,M,63,0,4.0,0,0,0,1,0
"Series 3, Episode 2",3,2,Mary,Bread,Cathryn,F,27,0,8.0,0,0,0,1,0
"Series 3, Episode 2",3,2,Mary,Bread,Danny,F,45,0,3.0,0,0,0,1,0
"Series 3, Episode 2",3,2,Mary,Bread,James,M,21,0,2.0,0,0,0,1,0
"Series 3, Episode 2",3,2,Mary,Bread,John,M,23,0,1.0,0,1,0,1,1
"Series 3, Episode 2",3,2,Mary,Bread,Manisha,F,27,0,6.0,0,0,0,1,0
"Series 3, Episode 2",3,2,Mary,Bread,Natasha,F,36,0,,0,0,0,0,0
"Series 3, Episode 2",3,2,Mary,Bread,Peter,M,43,0,11.0,0,0,1,1,0
"Series 3, Episode 2",3,2,Mary,Bread,Ryan,M,38,0,5.0,0,0,0,1,0
"Series 3, Episode 2",3,2,Mary,Bread,Sarah-Jane,F,28,0,10.0,0,0,0,1,0
"Series 3, Episode 2",3,2,Mary,Bread,Stuart,M,26,0,9.0,0,0,0,1,0
"Series 3, Episode 2",3,2,Mary,Bread,Victoria,F,50,0,7.0,0,0,0,1,0
"Series 3, Episode 3",3,3,Mary,Tarts,Brenden,M,63,0,9.0,0,0,0,1,0
"Series 3, Episode 3",3,3,Mary,Tarts,Cathryn,F,27,0,3.0,0,0,0,1,0
"Series 3, Episode 3",3,3,Mary,Tarts,Danny,F,45,0,2.0,0,0,0,1,0
"Series 3, Episode 3",3,3,Mary,Tarts,James,M,21,0,1.0,0,1,0,1,0
"Series 3, Episode 3",3,3,Mary,Tarts,John,M,23,0,6.0,0,0,0,1,1
"Series 3, Episode 3",3,3,Mary,Tarts,Manisha,F,27,0,10.0,0,0,0,1,0
"Series 3, Episode 3",3,3,Mary,Tarts,Natasha,F,36,0,,0,0,0,0,0
"Series 3, Episode 3",3,3,Mary,Tarts,Peter,M,43,0,,0,0,0,0,0
"Series 3, Episode 3",3,3,Mary,Tarts,Ryan,M,38,0,5.0,0,0,0,1,0
"Series 3, Episode 3",3,3,Mary,Tarts,Sarah-Jane,F,28,0,8.0,0,0,0,1,0
"Series 3, Episode 3",3,3,Mary,Tarts,Stuart,M,26,0,7.0,0,0,0,1,0
"Series 3, Episode 3",3,3,Mary,Tarts,Victoria,F,50,0,4.0,0,0,1,1,0
"Series 3, Episode 4",3,4,Mary,Dessert,Brenden,M,63,0,1.0,0,1,0,1,0
"Series 3, Episode 4",3,4,Mary,Dessert,Cathryn,F,27,0,3.0,0,0,0,1,0
"Series 3, Episode 4",3,4,Mary,Dessert,Danny,F,45,0,2.0,0,0,0,1,0
"Series 3, Episode 4",3,4,Mary,Dessert,James,M,21,0,5.0,0,0,0,1,0
"Series 3, Episode 4",3,4,Mary,Dessert,John,M,23,0,6.0,0,0,0,1,1
"Series 3, Episode 4",3,4,Mary,Dessert,Manisha,F,27,0,9.0,0,0,0,1,0
"Series 3, Episode 4",3,4,Mary,Dessert,Natasha,F,36,0,,0,0,0,0,0
"Series 3, Episode 4",3,4,Mary,Dessert,Peter,M,43,0,,0,0,0,0,0
"Series 3, Episode 4",3,4,Mary,Dessert,Ryan,M,38,0,7.0,0,0,0,1,0
"Series 3, Episode 4",3,4,Mary,Dessert,Sarah-Jane,F,28,0,4.0,0,0,0,1,0
"Series 3, Episode 4",3,4,Mary,Dessert,Stuart,M,26,0,8.0,0,0,1,1,0
"Series 3, Episode 4",3,4,Mary,Dessert,Victoria,F,50,0,,0,0,0,0,0
"Series 3, Episode 5",3,5,Mary,Pie,Brenden,M,63,0,3.0,0,0,0,1,0
"Series 3, Episode 5",3,5,Mary,Pie,Cathryn,F,27,0,1.0,0,0,0,1,0
"Series 3, Episode 5",3,5,Mary,Pie,Danny,F,45,0,7.0,0,0,0,1,0
"Series 3, Episode 5",3,5,Mary,Pie,James,M,21,0,6.0,0,0,0,1,0
"Series 3, Episode 5",3,5,Mary,Pie,John,M,23,0,2.0,0,0,0,1,1
"Series 3, Episode 5",3,5,Mary,Pie,Manisha,F,27,0,5.0,0,0,1,1,0
"Series 3, Episode 5",3,5,Mary,Pie,Natasha,F,36,0,,0,0,0,0,0
"Series 3, Episode 5",3,5,Mary,Pie,Peter,M,43,0,,0,0,0,0,0
"Series 3, Episode 5",3,5,Mary,Pie,Ryan,M,38,0,8.0,0,1,0,1,0
"Series 3, Episode 5",3,5,Mary,Pie,Sarah-Jane,F,28,0,4.0,0,0,0,1,0
"Series 3, Episode 5",3,5,Mary,Pie,Stuart,M,26,0,,0,0,0,0,0
"Series 3, Episode 5",3,5,Mary,Pie,Victoria,F,50,0,,0,0,0,0,0
"Series 3, Episode 6",3,6,Mary,Pudding,Brenden,M,63,0,1.0,0,1,0,1,0
"Series 3, Episode 6",3,6,Mary,Pudding,Cathryn,F,27,0,3.0,0,0,0,1,0
"Series 3, Episode 6",3,6,Mary,Pudding,Danny,F,45,0,2.0,0,0,0,1,0
"Series 3, Episode 6",3,6,Mary,Pudding,James,M,21,0,7.0,0,0,0,1,0
"Series 3, Episode 6",3,6,Mary,Pudding,John,M,23,0,5.0,0,0,0,1,1
"Series 3, Episode 6",3,6,Mary,Pudding,Manisha,F,27,0,,0,0,0,0,0
"Series 3, Episode 6",3,6,Mary,Pudding,Natasha,F,36,0,,0,0,0,0,0
"Series 3, Episode 6",3,6,Mary,Pudding,Peter,M,43,0,,0,0,0,0,0
"Series 3, Episode 6",3,6,Mary,Pudding,Ryan,M,38,0,6.0,0,0,0,1,0
"Series 3, Episode 6",3,6,Mary,Pudding,Sarah-Jane,F,28,0,4.0,0,0,0,1,0
"Series 3, Episode 6",3,6,Mary,Pudding,Stuart,M,26,0,,0,0,0,0,0
"Series 3, Episode 6",3,6,Mary,Pudding,Victoria,F,50,0,,0,0,0,0,0
"Series 3, Episode 7",3,7,Mary,Sweet Dough,Brenden,M,63,0,4.0,0,0,0,1,0
"Series 3, Episode 7",3,7,Mary,Sweet Dough,Cathryn,F,27,0,5.0,0,0,0,1,0
"Series 3, Episode 7",3,7,Mary,Sweet Dough,Danny,F,45,0,2.0,0,1,0,1,0
"Series 3, Episode 7",3,7,Mary,Sweet Dough,James,M,21,0,1.0,0,0,0,1,0
"Series 3, Episode 7",3,7,Mary,Sweet Dough,John,M,23,0,3.0,0,0,0,1,1
"Series 3, Episode 7",3,7,Mary,Sweet Dough,Manisha,F,27,0,,0,0,0,0,0
"Series 3, Episode 7",3,7,Mary,Sweet Dough,Natasha,F,36,0,,0,0,0,0,0
"Series 3, Episode 7",3,7,Mary,Sweet Dough,Peter,M,43,0,,0,0,0,0,0
"Series 3, Episode 7",3,7,Mary,Sweet Dough,Ryan,M,38,1,6.0,0,0,1,1,0
"Series 3, Episode 7",3,7,Mary,Sweet Dough,Sarah-Jane,F,28,0,7.0,0,0,1,1,0
"Series 3, Episode 7",3,7,Mary,Sweet Dough,Stuart,M,26,0,,0,0,0,0,0
"Series 3, Episode 7",3,7,Mary,Sweet Dough,Victoria,F,50,0,,0,0,0,0,0
"Series 3, Episode 8",3,8,Mary,Biscuits,Brenden,M,63,0,2.0,0,0,0,1,0
"Series 3, Episode 8",3,8,Mary,Biscuits,Cathryn,F,27,0,5.0,0,0,1,1,0
"Series 3, Episode 8",3,8,Mary,Biscuits,Danny,F,45,0,4.0,0,0,0,1,0
"Series 3, Episode 8",3,8,Mary,Biscuits,James,M,21,0,1.0,0,1,0,1,0
"Series 3, Episode 8",3,8,Mary,Biscuits,John,M,23,0,3.0,0,0,0,1,1
"Series 3, Episode 8",3,8,Mary,Biscuits,Manisha,F,27,0,,0,0,0,0,0
"Series 3, Episode 8",3,8,Mary,Biscuits,Natasha,F,36,0,,0,0,0,0,0
"Series 3, Episode 8",3,8,Mary,Biscuits,Peter,M,43,0,,0,0,0,0,0
"Series 3, Episode 8",3,8,Mary,Biscuits,Ryan,M,38,0,,0,0,0,0,0
"Series 3, Episode 8",3,8,Mary,Biscuits,Sarah-Jane,F,28,0,,0,0,0,0,0
"Series 3, Episode 8",3,8,Mary,Biscuits,Stuart,M,26,0,,0,0,0,0,0
"Series 3, Episode 8",3,8,Mary,Biscuits,Victoria,F,50,0,,0,0,0,0,0
"Series 3, Episode 9",3,9,Mary,Pâtisserie,Brenden,M,63,0,3.0,0,0,0,1,0
"Series 3, Episode 9",3,9,Mary,Pâtisserie,Cathryn,F,27,0,,0,0,0,0,0
"Series 3, Episode 9",3,9,Mary,Pâtisserie,Danny,F,45,0,4.0,0,0,1,1,0
"Series 3, Episode 9",3,9,Mary,Pâtisserie,James,M,21,0,1.0,0,1,0,1,0
"Series 3, Episode 9",3,9,Mary,Pâtisserie,John,M,23,0,2.0,0,0,0,1,1
"Series 3, Episode 9",3,9,Mary,Pâtisserie,Manisha,F,27,0,,0,0,0,0,0
"Series 3, Episode 9",3,9,Mary,Pâtisserie,Natasha,F,36,0,,0,0,0,0,0
"Series 3, Episode 9",3,9,Mary,Pâtisserie,Peter,M,43,0,,0,0,0,0,0
"Series 3, Episode 9",3,9,Mary,Pâtisserie,Ryan,M,38,0,,0,0,0,0,0
"Series 3, Episode 9",3,9,Mary,Pâtisserie,Sarah-Jane,F,28,0,,0,0,0,0,0
"Series 3, Episode 9",3,9,Mary,Pâtisserie,Stuart,M,26,0,,0,0,0,0,0
"Series 3, Episode 9",3,9,Mary,Pâtisserie,Victoria,F,50,0,,0,0,0,0,0
"Series 3, Episode 10",3,10,Mary,Final,Brenden,M,63,0,2.0,0,0,1,1,0
"Series 3, Episode 10",3,10,Mary,Final,Cathryn,F,27,0,,0,0,0,0,0
"Series 3, Episode 10",3,10,Mary,Final,Danny,F,45,0,,0,0,0,0,0
"Series 3, Episode 10",3,10,Mary,Final,James,M,21,0,1.0,0,0,1,1,0
"Series 3, Episode 10",3,10,Mary,Final,John,M,23,0,2.0,0,1,0,1,1
"Series 3, Episode 10",3,10,Mary,Final,Manisha,F,27,0,,0,0,0,0,0
"Series 3, Episode 10",3,10,Mary,Final,Natasha,F,36,0,,0,0,0,0,0
"Series 3, Episode 10",3,10,Mary,Final,Peter,M,43,0,,0,0,0,0,0
"Series 3, Episode 10",3,10,Mary,Final,Ryan,M,38,0,,0,0,0,0,0
"Series 3, Episode 10",3,10,Mary,Final,Sarah-Jane,F,28,0,,0,0,0,0,0
"Series 3, Episode 10",3,10,Mary,Final,Stuart,M,26,0,,0,0,0,0,0
"Series 3, Episode 10",3,10,Mary,Final,Victoria,F,50,0,,0,0,0,0,0
"Series 4, Episode 1",4,1,Mary,Cake,Ali,M,25,0,11.0,0,0,0,1,0
"Series 4, Episode 1",4,1,Mary,Cake,Beca,F,31,0,8.0,0,0,0,1,0
"Series 4, Episode 1",4,1,Mary,Cake,Christine,F,66,0,3.0,0,0,0,1,0
"Series 4, Episode 1",4,1,Mary,Cake,Deborah,F,51,0,9.0,0,0,0,1,0
"Series 4, Episode 1",4,1,Mary,Cake,Frances,F,31,0,7.0,0,0,0,1,1
"Series 4, Episode 1",4,1,Mary,Cake,Glenn,M,37,0,4.0,0,0,0,1,0
"Series 4, Episode 1",4,1,Mary,Cake,Howard,M,51,0,6.0,0,0,0,1,0
"Series 4, Episode 1",4,1,Mary,Cake,Kimberley,F,30,0,10.0,0,0,0,1,0
"Series 4, Episode 1",4,1,Mary,Cake,Lucy,F,38,0,2.0,0,0,0,1,0
"Series 4, Episode 1",4,1,Mary,Cake,Mark,M,37,0,5.0,0,0,0,1,0
"Series 4, Episode 1",4,1,Mary,Cake,Robert,M,54,0,1.0,0,1,0,1,0
"Series 4, Episode 1",4,1,Mary,Cake,Ruby,F,20,0,12.0,0,0,0,1,0
"Series 4, Episode 1",4,1,Mary,Cake,Toby,M,30,0,13.0,0,0,1,1,0
"Series 4, Episode 2",4,2,Mary,Bread,Ali,M,25,0,9.0,0,0,0,1,0
"Series 4, Episode 2",4,2,Mary,Bread,Beca,F,31,0,11.0,0,0,0,1,0
"Series 4, Episode 2",4,2,Mary,Bread,Christine,F,66,0,4.0,0,0,0,1,0
"Series 4, Episode 2",4,2,Mary,Bread,Deborah,F,51,0,8.0,0,0,0,1,0
"Series 4, Episode 2",4,2,Mary,Bread,Frances,F,31,0,2.0,0,0,0,1,1
"Series 4, Episode 2",4,2,Mary,Bread,Glenn,M,37,0,7.0,0,0,0,1,0
"Series 4, Episode 2",4,2,Mary,Bread,Howard,M,51,0,10.0,0,0,0,1,0
"Series 4, Episode 2",4,2,Mary,Bread,Kimberley,F,30,0,1.0,0,0,0,1,0
"Series 4, Episode 2",4,2,Mary,Bread,Lucy,F,38,0,12.0,0,0,1,1,0
"Series 4, Episode 2",4,2,Mary,Bread,Mark,M,37,0,6.0,0,0,0,1,0
"Series 4, Episode 2",4,2,Mary,Bread,Robert,M,54,0,5.0,0,0,0,1,0
"Series 4, Episode 2",4,2,Mary,Bread,Ruby,F,20,0,3.0,0,1,0,1,0
"Series 4, Episode 2",4,2,Mary,Bread,Toby,M,30,0,,0,0,0,0,0
"Series 4, Episode 3",4,3,Mary,Dessert,Ali,M,25,0,5.0,0,0,0,1,0
"Series 4, Episode 3",4,3,Mary,Dessert,Beca,F,31,0,10.0,0,0,0,1,0
"Series 4, Episode 3",4,3,Mary,Dessert,Christine,F,66,0,4.0,0,1,0,1,0
"Series 4, Episode 3",4,3,Mary,Dessert,Deborah,F,51,0,9.0,0,0,1,1,0
"Series 4, Episode 3",4,3,Mary,Dessert,Frances,F,31,0,8.0,0,0,0,1,1
"Series 4, Episode 3",4,3,Mary,Dessert,Glenn,M,37,0,1.0,0,0,0,1,0
"Series 4, Episode 3",4,3,Mary,Dessert,Howard,M,51,0,7.0,0,0,0,1,0
"Series 4, Episode 3",4,3,Mary,Dessert,Kimberley,F,30,0,6.0,0,0,0,1,0
"Series 4, Episode 3",4,3,Mary,Dessert,Lucy,F,38,0,,0,0,0,0,0
"Series 4, Episode 3",4,3,Mary,Dessert,Mark,M,37,0,11.0,0,0,1,1,0
"Series 4, Episode 3",4,3,Mary,Dessert,Robert,M,54,0,2.0,0,0,0,1,0
"Series 4, Episode 3",4,3,Mary,Dessert,Ruby,F,20,0,3.0,0,0,0,1,0
"Series 4, Episode 3",4,3,Mary,Dessert,Toby,M,30,0,,0,0,0,0,0
"Series 4, Episode 4",4,4,Mary,Pie and Tart,Ali,M,25,0,8.0,0,0,1,1,0
"Series 4, Episode 4",4,4,Mary,Pie and Tart,Beca,F,31,0,2.0,0,0,0,1,0
"Series 4, Episode 4",4,4,Mary,Pie and Tart,Christine,F,66,0,7.0,0,0,0,1,0
"Series 4, Episode 4",4,4,Mary,Pie and Tart,Deborah,F,51,0,,0,0,0,0,0
"Series 4, Episode 4",4,4,Mary,Pie and Tart,Frances,F,31,0,1.0,0,0,0,1,1
"Series 4, Episode 4",4,4,Mary,Pie and Tart,Glenn,M,37,0,9.0,0,0,0,1,0
"Series 4, Episode 4",4,4,Mary,Pie and Tart,Howard,M,51,0,5.0,0,0,0,1,0
"Series 4, Episode 4",4,4,Mary,Pie and Tart,Kimberley,F,30,0,4.0,0,1,0,1,0
"Series 4, Episode 4",4,4,Mary,Pie and Tart,Lucy,F,38,0,,0,0,0,0,0
"Series 4, Episode 4",4,4,Mary,Pie and Tart,Mark,M,37,0,,0,0,0,0,0
"Series 4, Episode 4",4,4,Mary,Pie and Tart,Robert,M,54,0,3.0,0,0,0,1,0
"Series 4, Episode 4",4,4,Mary,Pie and Tart,Ruby,F,20,0,6.0,0,0,0,1,0
"Series 4, Episode 4",4,4,Mary,Pie and Tart,Toby,M,30,0,,0,0,0,0,0
"Series 4, Episode 5",4,5,Mary,Biscuits,Ali,M,25,0,,0,0,0,0,0
"Series 4, Episode 5",4,5,Mary,Biscuits,Beca,F,31,0,5.0,0,0,0,1,0
"Series 4, Episode 5",4,5,Mary,Biscuits,Christine,F,66,0,1.0,0,1,0,1,0
"Series 4, Episode 5",4,5,Mary,Biscuits,Deborah,F,51,0,,0,0,0,0,0
"Series 4, Episode 5",4,5,Mary,Biscuits,Frances,F,31,0,3.0,0,0,0,1,1
"Series 4, Episode 5",4,5,Mary,Biscuits,Glenn,M,37,0,2.0,0,0,0,1,0
"Series 4, Episode 5",4,5,Mary,Biscuits,Howard,M,51,0,8.0,0,0,0,1,0
"Series 4, Episode 5",4,5,Mary,Biscuits,Kimberley,F,30,0,7.0,0,0,0,1,0
"Series 4, Episode 5",4,5,Mary,Biscuits,Lucy,F,38,0,,0,0,0,0,0
"Series 4, Episode 5",4,5,Mary,Biscuits,Mark,M,37,0,,0,0,0,0,0
"Series 4, Episode 5",4,5,Mary,Biscuits,Robert,M,54,0,4.0,0,0,1,1,0
"Series 4, Episode 5",4,5,Mary,Biscuits,Ruby,F,20,0,6.0,0,0,0,1,0
"Series 4, Episode 5",4,5,Mary,Biscuits,Toby,M,30,0,,0,0,0,0,0
"Series 4, Episode 6",4,6,Mary,Sweet Dough,Ali,M,25,0,,0,0,0,0,0
"Series 4, Episode 6",4,6,Mary,Sweet Dough,Beca,F,31,0,6.0,0,0,0,1,0
"Series 4, Episode 6",4,6,Mary,Sweet Dough,Christine,F,66,0,4.0,0,0,0,1,0
"Series 4, Episode 6",4,6,Mary,Sweet Dough,Deborah,F,51,0,,0,0,0,0,0
"Series 4, Episode 6",4,6,Mary,Sweet Dough,Frances,F,31,0,2.0,0,0,0,1,1
"Series 4, Episode 6",4,6,Mary,Sweet Dough,Glenn,M,37,0,5.0,0,0,0,1,0
"Series 4, Episode 6",4,6,Mary,Sweet Dough,Howard,M,51,0,7.0,0,0,1,1,0
"Series 4, Episode 6",4,6,Mary,Sweet Dough,Kimberley,F,30,0,3.0,0,0,0,1,0
"Series 4, Episode 6",4,6,Mary,Sweet Dough,Lucy,F,38,0,,0,0,0,0,0
"Series 4, Episode 6",4,6,Mary,Sweet Dough,Mark,M,37,0,,0,0,0,0,0
"Series 4, Episode 6",4,6,Mary,Sweet Dough,Robert,M,54,0,,0,0,0,0,0
"Series 4, Episode 6",4,6,Mary,Sweet Dough,Ruby,F,20,0,1.0,0,1,0,1,0
"Series 4, Episode 6",4,6,Mary,Sweet Dough,Toby,M,30,0,,0,0,0,0,0
"Series 4, Episode 7",4,7,Mary,Pastry,Ali,M,25,0,,0,0,0,0,0
"Series 4, Episode 7",4,7,Mary,Pastry,Beca,F,31,0,1.0,0,0,0,1,0
"Series 4, Episode 7",4,7,Mary,Pastry,Christine,F,66,0,6.0,0,0,0,1,0
"Series 4, Episode 7",4,7,Mary,Pastry,Deborah,F,51,0,,0,0,0,0,0
"Series 4, Episode 7",4,7,Mary,Pastry,Frances,F,31,0,5.0,0,1,0,1,1
"Series 4, Episode 7",4,7,Mary,Pastry,Glenn,M,37,0,3.0,0,0,1,1,0
"Series 4, Episode 7",4,7,Mary,Pastry,Howard,M,51,0,,0,0,0,0,0
"Series 4, Episode 7",4,7,Mary,Pastry,Kimberley,F,30,0,4.0,0,0,0,1,0
"Series 4, Episode 7",4,7,Mary,Pastry,Lucy,F,38,0,,0,0,0,0,0
"Series 4, Episode 7",4,7,Mary,Pastry,Mark,M,37,0,,0,0,0,0,0
"Series 4, Episode 7",4,7,Mary,Pastry,Robert,M,54,0,,0,0,0,0,0
"Series 4, Episode 7",4,7,Mary,Pastry,Ruby,F,20,0,2.0,0,0,0,1,0
"Series 4, Episode 7",4,7,Mary,Pastry,Toby,M,30,0,,0,0,0,0,0
"Series 4, Episode 8",4,8,Mary,Unconventional,Ali,M,25,0,,0,0,0,0,0
"Series 4, Episode 8",4,8,Mary,Unconventional,Beca,F,31,0,4.0,0,0,0,1,0
"Series 4, Episode 8",4,8,Mary,Unconventional,Christine,F,66,0,5.0,0,0,1,1,0
"Series 4, Episode 8",4,8,Mary,Unconventional,Deborah,F,51,0,,0,0,0,0,0
"Series 4, Episode 8",4,8,Mary,Unconventional,Frances,F,31,0,3.0,0,0,0,1,1
"Series 4, Episode 8",4,8,Mary,Unconventional,Glenn,M,37,0,,0,0,0,0,0
"Series 4, Episode 8",4,8,Mary,Unconventional,Howard,M,51,0,,0,0,0,0,0
"Series 4, Episode 8",4,8,Mary,Unconventional,Kimberley,F,30,0,2.0,0,0,0,1,0
"Series 4, Episode 8",4,8,Mary,Unconventional,Lucy,F,38,0,,0,0,0,0,0
"Series 4, Episode 8",4,8,Mary,Unconventional,Mark,M,37,0,,0,0,0,0,0
"Series 4, Episode 8",4,8,Mary,Unconventional,Robert,M,54,0,,0,0,0,0,0
"Series 4, Episode 8",4,8,Mary,Unconventional,Ruby,F,20,0,1.0,0,1,0,1,0
"Series 4, Episode 8",4,8,Mary,Unconventional,Toby,M,30,0,,0,0,0,0,0
"Series 4, Episode 9",4,9,Mary,Pâtisserie,Ali,M,25,0,,0,0,0,0,0
"Series 4, Episode 9",4,9,Mary,Pâtisserie,Beca,F,31,0,3.0,0,0,1,1,0
"Series 4, Episode 9",4,9,Mary,Pâtisserie,Christine,F,66,0,,0,0,0,0,0
"Series 4, Episode 9",4,9,Mary,Pâtisserie,Deborah,F,51,0,,0,0,0,0,0
"Series 4, Episode 9",4,9,Mary,Pâtisserie,Frances,F,31,1,2.0,0,0,0,1,1
"Series 4, Episode 9",4,9,Mary,Pâtisserie,Glenn,M,37,0,,0,0,0,0,0
"Series 4, Episode 9",4,9,Mary,Pâtisserie,Howard,M,51,0,,0,0,0,0,0
"Series 4, Episode 9",4,9,Mary,Pâtisserie,Kimberley,F,30,0,1.0,0,1,0,1,0
"Series 4, Episode 9",4,9,Mary,Pâtisserie,Lucy,F,38,0,,0,0,0,0,0
"Series 4, Episode 9",4,9,Mary,Pâtisserie,Mark,M,37,0,,0,0,0,0,0
"Series 4, Episode 9",4,9,Mary,Pâtisserie,Robert,M,54,0,,0,0,0,1,0
"Series 4, Episode 9",4,9,Mary,Pâtisserie,Ruby,F,20,0,4.0,0,0,0,0,0
"Series 4, Episode 9",4,9,Mary,Pâtisserie,Toby,M,30,0,,0,0,0,0,0
"Series 4, Episode 10",4,10,Mary,Final,Ali,M,25,0,,0,0,0,0,0
"Series 4, Episode 10",4,10,Mary,Final,Beca,F,31,0,,0,0,0,0,0
"Series 4, Episode 10",4,10,Mary,Final,Christine,F,66,0,,0,0,0,0,0
"Series 4, Episode 10",4,10,Mary,Final,Deborah,F,51,0,,0,0,0,0,0
"Series 4, Episode 10",4,10,Mary,Final,Frances,F,31,0,3.0,0,1,0,1,1
"Series 4, Episode 10",4,10,Mary,Final,Glenn,M,37,0,,0,0,0,0,0
"Series 4, Episode 10",4,10,Mary,Final,Howard,M,51,0,,0,0,0,0,0
"Series 4, Episode 10",4,10,Mary,Final,Kimberley,F,30,0,1.0,0,0,1,1,0
"Series 4, Episode 10",4,10,Mary,Final,Lucy,F,38,0,,0,0,0,0,0
"Series 4, Episode 10",4,10,Mary,Final,Mark,M,37,0,,0,0,0,0,0
"Series 4, Episode 10",4,10,Mary,Final,Robert,M,54,0,,0,0,0,0,0
"Series 4, Episode 10",4,10,Mary,Final,Ruby,F,20,0,2.0,0,0,1,1,0
"Series 4, Episode 10",4,10,Mary,Final,Toby,M,30,0,,0,0,0,0,0
"Series 5, Episode 1",5,1,Mary,Cake,Chetna,F,35,0,3.0,0,0,0,1,0
"Series 5, Episode 1",5,1,Mary,Cake,Claire,F,31,0,8.0,0,0,1,1,0
"Series 5, Episode 1",5,1,Mary,Cake,Diana,F,69,0,5.0,0,0,0,1,0
"Series 5, Episode 1",5,1,Mary,Cake,Enwezor,M,39,0,9.0,0,0,0,1,0
"Series 5, Episode 1",5,1,Mary,Cake,Iain,M,31,0,4.0,0,0,0,1,0
"Series 5, Episode 1",5,1,Mary,Cake,Jordan,M,32,0,12.0,0,0,0,1,0
"Series 5, Episode 1",5,1,Mary,Cake,Kate,F,41,0,6.0,0,0,0,1,0
"Series 5, Episode 1",5,1,Mary,Cake,Luis,M,42,0,7.0,0,0,0,1,0
"Series 5, Episode 1",5,1,Mary,Cake,Martha,F,17,0,2.0,0,0,0,1,0
"Series 5, Episode 1",5,1,Mary,Cake,Nancy,F,60,0,1.0,0,1,0,1,1
"Series 5, Episode 1",5,1,Mary,Cake,Norman,M,66,0,11.0,0,0,0,1,0
"Series 5, Episode 1",5,1,Mary,Cake,Richard,M,38,0,10.0,0,0,0,1,0
"Series 5, Episode 2",5,2,Mary,Biscuits,Chetna,F,35,0,8.0,0,0,0,1,0
"Series 5, Episode 2",5,2,Mary,Biscuits,Claire,F,31,0,,0,0,0,0,0
"Series 5, Episode 2",5,2,Mary,Biscuits,Diana,F,69,0,7.0,0,0,0,1,0
"Series 5, Episode 2",5,2,Mary,Biscuits,Enwezor,M,39,0,9.0,0,0,1,1,0
"Series 5, Episode 2",5,2,Mary,Biscuits,Iain,M,31,0,11.0,0,0,0,1,0
"Series 5, Episode 2",5,2,Mary,Biscuits,Jordan,M,32,0,6.0,0,0,0,1,0
"Series 5, Episode 2",5,2,Mary,Biscuits,Kate,F,41,0,4.0,0,0,0,1,0
"Series 5, Episode 2",5,2,Mary,Biscuits,Luis,M,42,0,3.0,0,0,0,1,0
"Series 5, Episode 2",5,2,Mary,Biscuits,Martha,F,17,0,5.0,0,0,0,1,0
"Series 5, Episode 2",5,2,Mary,Biscuits,Nancy,F,60,0,2.0,0,0,0,1,1
"Series 5, Episode 2",5,2,Mary,Biscuits,Norman,M,66,1,10.0,0,0,0,1,0
"Series 5, Episode 2",5,2,Mary,Biscuits,Richard,M,38,0,1.0,0,1,0,1,0
"Series 5, Episode 3",5,3,Mary,Bread,Chetna,F,35,0,8.0,0,0,0,1,0
"Series 5, Episode 3",5,3,Mary,Bread,Claire,F,31,0,,0,0,0,0,0
"Series 5, Episode 3",5,3,Mary,Bread,Diana,F,69,0,7.0,0,0,0,1,0
"Series 5, Episode 3",5,3,Mary,Bread,Enwezor,M,39,0,,0,0,0,0,0
"Series 5, Episode 3",5,3,Mary,Bread,Iain,M,31,0,9.0,0,0,0,1,0
"Series 5, Episode 3",5,3,Mary,Bread,Jordan,M,32,0,10.0,0,0,1,1,0
"Series 5, Episode 3",5,3,Mary,Bread,Kate,F,41,0,1.0,0,0,0,1,0
"Series 5, Episode 3",5,3,Mary,Bread,Luis,M,42,1,2.0,0,1,0,1,0
"Series 5, Episode 3",5,3,Mary,Bread,Martha,F,17,0,3.0,0,0,0,1,0
"Series 5, Episode 3",5,3,Mary,Bread,Nancy,F,60,0,5.0,0,0,0,1,1
"Series 5, Episode 3",5,3,Mary,Bread,Norman,M,66,0,4.0,0,0,0,1,0
"Series 5, Episode 3",5,3,Mary,Bread,Richard,M,38,0,6.0,0,0,0,1,0
"Series 5, Episode 4",5,4,Mary,Dessert,Chetna,F,35,0,3.0,0,0,0,1,0
"Series 5, Episode 4",5,4,Mary,Dessert,Claire,F,31,0,,0,0,0,0,0
"Series 5, Episode 4",5,4,Mary,Dessert,Diana,F,69,0,9.0,0,0,0,1,0
"Series 5, Episode 4",5,4,Mary,Dessert,Enwezor,M,39,0,,0,0,0,0,0
"Series 5, Episode 4",5,4,Mary,Dessert,Iain,M,31,0,6.0,0,0,1,1,0
"Series 5, Episode 4",5,4,Mary,Dessert,Jordan,M,32,0,,0,0,0,0,0
"Series 5, Episode 4",5,4,Mary,Dessert,Kate,F,41,0,7.0,0,0,0,1,0
"Series 5, Episode 4",5,4,Mary,Dessert,Luis,M,42,0,2.0,0,0,0,1,0
"Series 5, Episode 4",5,4,Mary,Dessert,Martha,F,17,0,1.0,0,0,0,1,0
"Series 5, Episode 4",5,4,Mary,Dessert,Nancy,F,60,0,4.0,0,0,0,1,1
"Series 5, Episode 4",5,4,Mary,Dessert,Norman,M,66,0,8.0,0,0,0,1,0
"Series 5, Episode 4",5,4,Mary,Dessert,Richard,M,38,0,5.0,0,1,0,1,0
"Series 5, Episode 5",5,5,Mary,Pie and Tart,Chetna,F,35,0,2.0,0,0,0,1,0
"Series 5, Episode 5",5,5,Mary,Pie and Tart,Claire,F,31,0,,0,0,0,0,0
"Series 5, Episode 5",5,5,Mary,Pie and Tart,Diana,F,69,0,,0,0,0,0,0
"Series 5, Episode 5",5,5,Mary,Pie and Tart,Enwezor,M,39,0,,0,0,0,0,0
"Series 5, Episode 5",5,5,Mary,Pie and Tart,Iain,M,31,0,,0,0,0,0,0
"Series 5, Episode 5",5,5,Mary,Pie and Tart,Jordan,M,32,0,,0,0,0,0,0
"Series 5, Episode 5",5,5,Mary,Pie and Tart,Kate,F,41,0,3.0,0,1,0,1,0
"Series 5, Episode 5",5,5,Mary,Pie and Tart,Luis,M,42,0,6.0,0,0,0,1,0
"Series 5, Episode 5",5,5,Mary,Pie and Tart,Martha,F,17,0,1.0,0,0,0,1,0
"Series 5, Episode 5",5,5,Mary,Pie and Tart,Nancy,F,60,0,4.0,0,0,0,1,1
"Series 5, Episode 5",5,5,Mary,Pie and Tart,Norman,M,66,0,5.0,0,0,1,1,0
"Series 5, Episode 5",5,5,Mary,Pie and Tart,Richard,M,38,0,7.0,0,0,0,1,0
"Series 5, Episode 6",5,6,Mary,European Cakes,Chetna,F,35,0,2.0,0,1,0,1,0
"Series 5, Episode 6",5,6,Mary,European Cakes,Claire,F,31,0,,0,0,0,0,0
"Series 5, Episode 6",5,6,Mary,European Cakes,Diana,F,69,0,,0,0,0,0,0
"Series 5, Episode 6",5,6,Mary,European Cakes,Enwezor,M,39,0,,0,0,0,0,0
"Series 5, Episode 6",5,6,Mary,European Cakes,Iain,M,31,0,,0,0,0,0,0
"Series 5, Episode 6",5,6,Mary,European Cakes,Jordan,M,32,0,,0,0,0,0,0
"Series 5, Episode 6",5,6,Mary,European Cakes,Kate,F,41,0,6.0,0,0,0,1,0
"Series 5, Episode 6",5,6,Mary,European Cakes,Luis,M,42,0,3.0,0,0,0,1,0
"Series 5, Episode 6",5,6,Mary,European Cakes,Martha,F,17,0,4.0,0,0,0,1,0
"Series 5, Episode 6",5,6,Mary,European Cakes,Nancy,F,60,0,1.0,0,0,0,1,1
"Series 5, Episode 6",5,6,Mary,European Cakes,Norman,M,66,0,,0,0,0,0,0
"Series 5, Episode 6",5,6,Mary,European Cakes,Richard,M,38,0,5.0,0,0,0,1,0
"Series 5, Episode 7",5,7,Mary,Pastry,Chetna,F,35,0,6.0,0,0,0,1,0
"Series 5, Episode 7",5,7,Mary,Pastry,Claire,F,31,0,,0,0,0,0,0
"Series 5, Episode 7",5,7,Mary,Pastry,Diana,F,69,0,,0,0,0,0,0
"Series 5, Episode 7",5,7,Mary,Pastry,Enwezor,M,39,0,,0,0,0,0,0
"Series 5, Episode 7",5,7,Mary,Pastry,Iain,M,31,0,,0,0,0,0,0
"Series 5, Episode 7",5,7,Mary,Pastry,Jordan,M,32,0,,0,0,0,0,0
"Series 5, Episode 7",5,7,Mary,Pastry,Kate,F,41,0,4.0,0,0,1,1,0
"Series 5, Episode 7",5,7,Mary,Pastry,Luis,M,42,0,5.0,0,0,0,1,0
"Series 5, Episode 7",5,7,Mary,Pastry,Martha,F,17,0,3.0,0,0,0,1,0
"Series 5, Episode 7",5,7,Mary,Pastry,Nancy,F,60,0,2.0,0,0,0,1,1
"Series 5, Episode 7",5,7,Mary,Pastry,Norman,M,66,0,,0,0,0,0,0
"Series 5, Episode 7",5,7,Mary,Pastry,Richard,M,38,0,1.0,0,1,0,1,0
"Series 5, Episode 8",5,8,Mary,Advanced Dough,Chetna,F,35,0,1.0,0,0,0,1,0
"Series 5, Episode 8",5,8,Mary,Advanced Dough,Claire,F,31,0,,0,0,0,0,0
"Series 5, Episode 8",5,8,Mary,Advanced Dough,Diana,F,69,0,,0,0,0,0,0
"Series 5, Episode 8",5,8,Mary,Advanced Dough,Enwezor,M,39,0,,0,0,0,0,0
"Series 5, Episode 8",5,8,Mary,Advanced Dough,Iain,M,31,0,,0,0,0,0,0
"Series 5, Episode 8",5,8,Mary,Advanced Dough,Jordan,M,32,0,,0,0,0,0,0
"Series 5, Episode 8",5,8,Mary,Advanced Dough,Kate,F,41,0,,0,0,0,0,0
"Series 5, Episode 8",5,8,Mary,Advanced Dough,Luis,M,42,0,2.0,0,0,0,1,0
"Series 5, Episode 8",5,8,Mary,Advanced Dough,Martha,F,17,0,5.0,0,0,1,1,0
"Series 5, Episode 8",5,8,Mary,Advanced Dough,Nancy,F,60,0,3.0,0,0,0,1,1
"Series 5, Episode 8",5,8,Mary,Advanced Dough,Norman,M,66,0,,0,0,0,0,0
"Series 5, Episode 8",5,8,Mary,Advanced Dough,Richard,M,38,0,4.0,0,1,0,1,0
"Series 5, Episode 9",5,9,Mary,Pâtisserie,Chetna,F,35,0,4.0,0,0,1,1,0
"Series 5, Episode 9",5,9,Mary,Pâtisserie,Claire,F,31,0,,0,0,0,0,0
"Series 5, Episode 9",5,9,Mary,Pâtisserie,Diana,F,69,0,,0,0,0,0,0
"Series 5, Episode 9",5,9,Mary,Pâtisserie,Enwezor,M,39,0,,0,0,0,0,0
"Series 5, Episode 9",5,9,Mary,Pâtisserie,Iain,M,31,0,,0,0,0,0,0
"Series 5, Episode 9",5,9,Mary,Pâtisserie,Jordan,M,32,0,,0,0,0,0,0
"Series 5, Episode 9",5,9,Mary,Pâtisserie,Kate,F,41,0,,0,0,0,0,0
"Series 5, Episode 9",5,9,Mary,Pâtisserie,Luis,M,42,0,1.0,0,0,0,1,0
"Series 5, Episode 9",5,9,Mary,Pâtisserie,Martha,F,17,0,,0,0,0,0,0
"Series 5, Episode 9",5,9,Mary,Pâtisserie,Nancy,F,60,0,3.0,0,0,0,1,1
"Series 5, Episode 9",5,9,Mary,Pâtisserie,Norman,M,66,0,,0,0,0,0,0
"Series 5, Episode 9",5,9,Mary,Pâtisserie,Richard,M,38,0,2.0,0,1,0,1,0
"Series 5, Episode 10",5,10,Mary,Final,Chetna,F,35,0,,0,0,0,0,0
"Series 5, Episode 10",5,10,Mary,Final,Claire,F,31,0,,0,0,0,0,0
"Series 5, Episode 10",5,10,Mary,Final,Diana,F,69,0,,0,0,0,0,0
"Series 5, Episode 10",5,10,Mary,Final,Enwezor,M,39,0,,0,0,0,0,0
"Series 5, Episode 10",5,10,Mary,Final,Iain,M,31,0,,0,0,0,0,0
"Series 5, Episode 10",5,10,Mary,Final,Jordan,M,32,0,,0,0,0,0,0
"Series 5, Episode 10",5,10,Mary,Final,Kate,F,41,0,,0,0,0,0,0
"Series 5, Episode 10",5,10,Mary,Final,Luis,M,42,0,2.0,0,0,1,1,0
"Series 5, Episode 10",5,10,Mary,Final,Martha,F,17,0,,0,0,0,0,0
"Series 5, Episode 10",5,10,Mary,Final,Nancy,F,60,0,1.0,0,1,0,1,1
"Series 5, Episode 10",5,10,Mary,Final,Norman,M,66,0,,0,0,0,0,0
"Series 5, Episode 10",5,10,Mary,Final,Richard,M,38,0,3.0,0,0,1,1,0
"Series 6, Episode 1",6,1,Mary,Cake,Alvin,M,37,0,2.0,0,0,0,1,0
"Series 6, Episode 1",6,1,Mary,Cake,Dorret,F,53,0,5.0,0,0,0,1,0
"Series 6, Episode 1",6,1,Mary,Cake,Flora,F,19,0,6.0,0,0,0,1,0
"Series 6, Episode 1",6,1,Mary,Cake,Ian,M,41,0,8.0,0,0,0,1,0
"Series 6, Episode 1",6,1,Mary,Cake,Marie,F,66,0,3.0,0,1,0,1,0
"Series 6, Episode 1",6,1,Mary,Cake,Mat,M,37,0,7.0,0,0,0,1,0
"Series 6, Episode 1",6,1,Mary,Cake,Nadiya,F,30,0,12.0,0,0,0,1,1
"Series 6, Episode 1",6,1,Mary,Cake,Paul,M,49,0,10.0,0,0,0,1,0
"Series 6, Episode 1",6,1,Mary,Cake,Sandy,F,49,0,9.0,0,0,0,1,0
"Series 6, Episode 1",6,1,Mary,Cake,Stu,M,35,0,11.0,0,0,1,1,0
"Series 6, Episode 1",6,1,Mary,Cake,Tamal,M,29,0,4.0,0,0,0,1,0
"Series 6, Episode 1",6,1,Mary,Cake,Ugnė,F,32,0,1.0,0,0,0,1,0
"Series 6, Episode 2",6,2,Mary,Biscuits,Alvin,M,37,0,6.0,0,0,0,1,0
"Series 6, Episode 2",6,2,Mary,Biscuits,Dorret,F,53,0,1.0,0,0,0,1,0
"Series 6, Episode 2",6,2,Mary,Biscuits,Flora,F,19,0,2.0,0,0,0,1,0
"Series 6, Episode 2",6,2,Mary,Biscuits,Ian,M,41,0,3.0,0,1,0,1,0
"Series 6, Episode 2",6,2,Mary,Biscuits,Marie,F,66,0,11.0,0,0,1,1,0
"Series 6, Episode 2",6,2,Mary,Biscuits,Mat,M,37,0,5.0,0,0,0,1,0
"Series 6, Episode 2",6,2,Mary,Biscuits,Nadiya,F,30,0,9.0,0,0,0,1,1
"Series 6, Episode 2",6,2,Mary,Biscuits,Paul,M,49,0,10.0,0,0,0,1,0
"Series 6, Episode 2",6,2,Mary,Biscuits,Sandy,F,49,0,4.0,0,0,0,1,0
"Series 6, Episode 2",6,2,Mary,Biscuits,Stu,M,35,0,,0,0,0,0,0
"Series 6, Episode 2",6,2,Mary,Biscuits,Tamal,M,29,0,8.0,0,0,0,1,0
"Series 6, Episode 2",6,2,Mary,Biscuits,Ugnė,F,32,0,7.0,0,0,0,1,0
"Series 6, Episode 3",6,3,Mary,Bread,Alvin,M,37,0,4.0,0,0,0,1,0
"Series 6, Episode 3",6,3,Mary,Bread,Dorret,F,53,0,6.0,0,0,1,1,0
"Series 6, Episode 3",6,3,Mary,Bread,Flora,F,19,0,2.0,0,0,0,1,0
"Series 6, Episode 3",6,3,Mary,Bread,Ian,M,41,0,1.0,0,1,0,1,0
"Series 6, Episode 3",6,3,Mary,Bread,Marie,F,66,0,,0,0,0,0,0
"Series 6, Episode 3",6,3,Mary,Bread,Mat,M,37,0,8.0,0,0,0,1,0
"Series 6, Episode 3",6,3,Mary,Bread,Nadiya,F,30,0,9.0,0,0,0,1,1
"Series 6, Episode 3",6,3,Mary,Bread,Paul,M,49,1,10.0,0,0,0,1,0
"Series 6, Episode 3",6,3,Mary,Bread,Sandy,F,49,0,7.0,0,0,0,1,0
"Series 6, Episode 3",6,3,Mary,Bread,Stu,M,35,0,,0,0,0,0,0
"Series 6, Episode 3",6,3,Mary,Bread,Tamal,M,29,0,3.0,0,0,0,1,0
"Series 6, Episode 3",6,3,Mary,Bread,Ugnė,F,32,0,5.0,0,0,0,1,0
"Series 6, Episode 4",6,4,Mary,Dessert,Alvin,M,37,0,9.0,0,0,0,1,0
"Series 6, Episode 4",6,4,Mary,Dessert,Dorret,F,53,0,,0,0,0,0,0
"Series 6, Episode 4",6,4,Mary,Dessert,Flora,F,19,0,3.0,0,0,0,1,0
"Series 6, Episode 4",6,4,Mary,Dessert,Ian,M,41,0,4.0,0,1,0,1,0
"Series 6, Episode 4",6,4,Mary,Dessert,Marie,F,66,0,,0,0,0,0,0
"Series 6, Episode 4",6,4,Mary,Dessert,Mat,M,37,0,7.0,0,0,0,1,0
"Series 6, Episode 4",6,4,Mary,Dessert,Nadiya,F,30,0,8.0,0,0,0,1,1
"Series 6, Episode 4",6,4,Mary,Dessert,Paul,M,49,0,1.0,0,0,0,1,0
"Series 6, Episode 4",6,4,Mary,Dessert,Sandy,F,49,0,6.0,0,0,1,1,0
"Series 6, Episode 4",6,4,Mary,Dessert,Stu,M,35,0,,0,0,0,0,0
"Series 6, Episode 4",6,4,Mary,Dessert,Tamal,M,29,0,5.0,0,0,0,1,0
"Series 6, Episode 4",6,4,Mary,Dessert,Ugnė,F,32,0,2.0,0,0,0,1,0
"Series 6, Episode 5",6,5,Mary,Alternative,Alvin,M,37,0,8.0,0,0,0,1,0
"Series 6, Episode 5",6,5,Mary,Alternative,Dorret,F,53,0,,0,0,0,0,0
"Series 6, Episode 5",6,5,Mary,Alternative,Flora,F,19,0,3.0,0,0,0,1,0
"Series 6, Episode 5",6,5,Mary,Alternative,Ian,M,41,0,5.0,0,0,0,1,0
"Series 6, Episode 5",6,5,Mary,Alternative,Marie,F,66,0,,0,0,0,0,0
"Series 6, Episode 5",6,5,Mary,Alternative,Mat,M,37,0,4.0,0,0,0,1,0
"Series 6, Episode 5",6,5,Mary,Alternative,Nadiya,F,30,0,1.0,0,1,0,1,1
"Series 6, Episode 5",6,5,Mary,Alternative,Paul,M,49,0,2.0,0,0,0,1,0
"Series 6, Episode 5",6,5,Mary,Alternative,Sandy,F,49,0,,0,0,0,0,0
"Series 6, Episode 5",6,5,Mary,Alternative,Stu,M,35,0,,0,0,0,0,0
"Series 6, Episode 5",6,5,Mary,Alternative,Tamal,M,29,0,7.0,0,0,0,1,0
"Series 6, Episode 5",6,5,Mary,Alternative,Ugnė,F,32,0,6.0,0,0,1,1,0
"Series 6, Episode 6",6,6,Mary,Pastry,Alvin,M,37,0,6.0,0,0,1,1,0
"Series 6, Episode 6",6,6,Mary,Pastry,Dorret,F,53,0,,0,0,0,0,0
"Series 6, Episode 6",6,6,Mary,Pastry,Flora,F,19,0,2.0,0,0,0,1,0
"Series 6, Episode 6",6,6,Mary,Pastry,Ian,M,41,0,3.0,0,0,0,1,0
"Series 6, Episode 6",6,6,Mary,Pastry,Marie,F,66,0,,0,0,0,0,0
"Series 6, Episode 6",6,6,Mary,Pastry,Mat,M,37,0,1.0,0,1,0,1,0
"Series 6, Episode 6",6,6,Mary,Pastry,Nadiya,F,30,0,4.0,0,0,0,1,1
"Series 6, Episode 6",6,6,Mary,Pastry,Paul,M,49,0,5.0,0,0,0,1,0
"Series 6, Episode 6",6,6,Mary,Pastry,Sandy,F,49,0,,0,0,0,0,0
"Series 6, Episode 6",6,6,Mary,Pastry,Stu,M,35,0,,0,0,0,0,0
"Series 6, Episode 6",6,6,Mary,Pastry,Tamal,M,29,0,7.0,0,0,0,1,0
"Series 6, Episode 6",6,6,Mary,Pastry,Ugnė,F,32,0,,0,0,0,0,0
"Series 6, Episode 7",6,7,Mary,Victorian,Alvin,M,37,0,,0,0,0,0,0
"Series 6, Episode 7",6,7,Mary,Victorian,Dorret,F,53,0,,0,0,0,0,0
"Series 6, Episode 7",6,7,Mary,Victorian,Flora,F,19,0,4.0,0,0,0,1,0
"Series 6, Episode 7",6,7,Mary,Victorian,Ian,M,41,0,5.0,0,0,0,1,0
"Series 6, Episode 7",6,7,Mary,Victorian,Marie,F,66,0,,0,0,0,0,0
"Series 6, Episode 7",6,7,Mary,Victorian,Mat,M,37,0,6.0,0,0,1,1,0
"Series 6, Episode 7",6,7,Mary,Victorian,Nadiya,F,30,0,1.0,0,0,0,1,1
"Series 6, Episode 7",6,7,Mary,Victorian,Paul,M,49,0,2.0,0,0,0,1,0
"Series 6, Episode 7",6,7,Mary,Victorian,Sandy,F,49,0,,0,0,0,0,0
"Series 6, Episode 7",6,7,Mary,Victorian,Stu,M,35,0,,0,0,0,0,0
"Series 6, Episode 7",6,7,Mary,Victorian,Tamal,M,29,1,3.0,0,1,0,1,0
"Series 6, Episode 7",6,7,Mary,Victorian,Ugnė,F,32,0,,0,0,0,0,0
"Series 6, Episode 8",6,8,Mary,Pâtisserie,Alvin,M,37,0,,0,0,0,0,0
"Series 6, Episode 8",6,8,Mary,Pâtisserie,Dorret,F,53,0,,0,0,0,0,0
"Series 6, Episode 8",6,8,Mary,Pâtisserie,Flora,F,19,0,3.0,0,0,0,1,0
"Series 6, Episode 8",6,8,Mary,Pâtisserie,Ian,M,41,0,2.0,0,0,0,1,0
"Series 6, Episode 8",6,8,Mary,Pâtisserie,Marie,F,66,0,,0,0,0,0,0
"Series 6, Episode 8",6,8,Mary,Pâtisserie,Mat,M,37,0,,0,0,0,0,0
"Series 6, Episode 8",6,8,Mary,Pâtisserie,Nadiya,F,30,0,1.0,0,1,0,1,1
"Series 6, Episode 8",6,8,Mary,Pâtisserie,Paul,M,49,0,5.0,0,0,1,1,0
"Series 6, Episode 8",6,8,Mary,Pâtisserie,Sandy,F,49,0,,0,0,0,0,0
"Series 6, Episode 8",6,8,Mary,Pâtisserie,Stu,M,35,0,,0,0,0,0,0
"Series 6, Episode 8",6,8,Mary,Pâtisserie,Tamal,M,29,0,4.0,0,0,0,1,0
"Series 6, Episode 8",6,8,Mary,Pâtisserie,Ugnė,F,32,0,,0,0,0,0,0
"Series 6, Episode 9",6,9,Mary,Chocolate,Alvin,M,37,0,,0,0,0,0,0
"Series 6, Episode 9",6,9,Mary,Chocolate,Dorret,F,53,0,,0,0,0,0,0
"Series 6, Episode 9",6,9,Mary,Chocolate,Flora,F,19,0,1.0,0,0,1,1,0
"Series 6, Episode 9",6,9,Mary,Chocolate,Ian,M,41,0,3.0,0,0,0,1,0
"Series 6, Episode 9",6,9,Mary,Chocolate,Marie,F,66,0,,0,0,0,0,0
"Series 6, Episode 9",6,9,Mary,Chocolate,Mat,M,37,0,,0,0,0,0,0
"Series 6, Episode 9",6,9,Mary,Chocolate,Nadiya,F,30,1,4.0,0,1,0,1,1
"Series 6, Episode 9",6,9,Mary,Chocolate,Paul,M,49,0,,0,0,0,0,0
"Series 6, Episode 9",6,9,Mary,Chocolate,Sandy,F,49,0,,0,0,0,0,0
"Series 6, Episode 9",6,9,Mary,Chocolate,Stu,M,35,0,,0,0,0,0,0
"Series 6, Episode 9",6,9,Mary,Chocolate,Tamal,M,29,0,2.0,0,0,0,1,0
"Series 6, Episode 9",6,9,Mary,Chocolate,Ugnė,F,32,0,,0,0,0,0,0
"Series 6, Episode 10",6,10,Mary,Final,Alvin,M,37,0,,0,0,0,0,0
"Series 6, Episode 10",6,10,Mary,Final,Dorret,F,53,0,,0,0,0,0,0
"Series 6, Episode 10",6,10,Mary,Final,Flora,F,19,0,,0,0,0,0,0
"Series 6, Episode 10",6,10,Mary,Final,Ian,M,41,0,2.0,0,0,1,1,0
"Series 6, Episode 10",6,10,Mary,Final,Marie,F,66,0,,0,0,0,0,0
"Series 6, Episode 10",6,10,Mary,Final,Mat,M,37,0,,0,0,0,0,0
"Series 6, Episode 10",6,10,Mary,Final,Nadiya,F,30,0,1.0,0,1,0,1,1
"Series 6, Episode 10",6,10,Mary,Final,Paul,M,49,0,,0,0,0,0,0
"Series 6, Episode 10",6,10,Mary,Final,Sandy,F,49,0,,0,0,0,0,0
"Series 6, Episode 10",6,10,Mary,Final,Stu,M,35,0,3.0,0,0,0,0,0
"Series 6, Episode 10",6,10,Mary,Final,Tamal,M,29,0,,0,0,1,1,0
"Series 6, Episode 10",6,10,Mary,Final,Ugnė,F,32,0,,0,0,0,0,0
"Series 7, Episode 1",7,1,Mary,Cake,Andrew,M,25,0,12.0,0,0,0,1,0
"Series 7, Episode 1",7,1,Mary,Cake,Benjamina,F,23,0,6.0,0,0,0,1,0
"Series 7, Episode 1",7,1,Mary,Cake,Candice,F,31,0,5.0,0,0,0,1,1
"Series 7, Episode 1",7,1,Mary,Cake,Jane,F,61,0,7.0,0,1,0,1,0
"Series 7, Episode 1",7,1,Mary,Cake,Kate,F,37,0,4.0,0,0,0,1,0
"Series 7, Episode 1",7,1,Mary,Cake,Lee,M,67,0,11.0,0,0,1,1,0
"Series 7, Episode 1",7,1,Mary,Cake,Louise,F,46,0,9.0,0,0,0,1,0
"Series 7, Episode 1",7,1,Mary,Cake,Michael,M,20,0,3.0,0,0,0,1,0
"Series 7, Episode 1",7,1,Mary,Cake,Rav,M,28,0,8.0,0,0,0,1,0
"Series 7, Episode 1",7,1,Mary,Cake,Selasi,M,30,0,1.0,0,0,0,1,0
"Series 7, Episode 1",7,1,Mary,Cake,Tom,M,26,0,2.0,0,0,0,1,0
"Series 7, Episode 1",7,1,Mary,Cake,Val,F,66,0,10.0,0,0,0,1,0
"Series 7, Episode 2",7,2,Mary,Biscuits,Andrew,M,25,0,4.0,0,0,0,1,0
"Series 7, Episode 2",7,2,Mary,Biscuits,Benjamina,F,23,0,3.0,0,0,0,1,0
"Series 7, Episode 2",7,2,Mary,Biscuits,Candice,F,31,0,8.0,0,1,0,1,1
"Series 7, Episode 2",7,2,Mary,Biscuits,Jane,F,61,0,2.0,0,0,0,1,0
"Series 7, Episode 2",7,2,Mary,Biscuits,Kate,F,37,0,1.0,0,0,0,1,0
"Series 7, Episode 2",7,2,Mary,Biscuits,Lee,M,67,0,,0,0,0,0,0
"Series 7, Episode 2",7,2,Mary,Biscuits,Louise,F,46,0,10.0,0,0,1,1,0
"Series 7, Episode 2",7,2,Mary,Biscuits,Michael,M,20,0,9.0,0,0,0,1,0
"Series 7, Episode 2",7,2,Mary,Biscuits,Rav,M,28,0,6.0,0,0,0,1,0
"Series 7, Episode 2",7,2,Mary,Biscuits,Selasi,M,30,0,11.0,0,0,0,1,0
"Series 7, Episode 2",7,2,Mary,Biscuits,Tom,M,26,1,7.0,0,0,0,1,0
"Series 7, Episode 2",7,2,Mary,Biscuits,Val,F,66,0,5.0,0,0,0,1,0
"Series 7, Episode 3",7,3,Mary,Bread,Andrew,M,25,0,2.0,0,0,0,1,0
"Series 7, Episode 3",7,3,Mary,Bread,Benjamina,F,23,0,6.0,0,0,0,1,0
"Series 7, Episode 3",7,3,Mary,Bread,Candice,F,31,0,3.0,0,0,0,1,1
"Series 7, Episode 3",7,3,Mary,Bread,Jane,F,61,0,9.0,0,0,0,1,0
"Series 7, Episode 3",7,3,Mary,Bread,Kate,F,37,0,8.0,0,0,0,1,0
"Series 7, Episode 3",7,3,Mary,Bread,Lee,M,67,0,,0,0,0,0,0
"Series 7, Episode 3",7,3,Mary,Bread,Louise,F,46,0,,0,0,0,0,0
"Series 7, Episode 3",7,3,Mary,Bread,Michael,M,20,0,7.0,0,0,1,1,0
"Series 7, Episode 3",7,3,Mary,Bread,Rav,M,28,0,10.0,0,0,0,1,0
"Series 7, Episode 3",7,3,Mary,Bread,Selasi,M,30,0,5.0,0,0,0,1,0
"Series 7, Episode 3",7,3,Mary,Bread,Tom,M,26,0,4.0,0,1,0,1,0
"Series 7, Episode 3",7,3,Mary,Bread,Val,F,66,0,1.0,0,0,0,1,0
"Series 7, Episode 4",7,4,Mary,Batter,Andrew,M,25,0,4.0,0,0,0,1,0
"Series 7, Episode 4",7,4,Mary,Batter,Benjamina,F,23,0,1.0,0,1,0,1,0
"Series 7, Episode 4",7,4,Mary,Batter,Candice,F,31,0,2.0,0,0,0,1,1
"Series 7, Episode 4",7,4,Mary,Batter,Jane,F,61,0,3.0,0,0,0,1,0
"Series 7, Episode 4",7,4,Mary,Batter,Kate,F,37,0,7.0,0,0,1,1,0
"Series 7, Episode 4",7,4,Mary,Batter,Lee,M,67,0,,0,0,0,0,0
"Series 7, Episode 4",7,4,Mary,Batter,Louise,F,46,0,,0,0,0,0,0
"Series 7, Episode 4",7,4,Mary,Batter,Michael,M,20,0,,0,0,0,0,0
"Series 7, Episode 4",7,4,Mary,Batter,Rav,M,28,0,9.0,0,0,0,1,0
"Series 7, Episode 4",7,4,Mary,Batter,Selasi,M,30,1,8.0,0,0,0,1,0
"Series 7, Episode 4",7,4,Mary,Batter,Tom,M,26,0,5.0,0,0,0,1,0
"Series 7, Episode 4",7,4,Mary,Batter,Val,F,66,0,6.0,0,0,0,1,0
"Series 7, Episode 5",7,5,Mary,Pastry,Andrew,M,25,0,6.0,0,0,0,1,0
"Series 7, Episode 5",7,5,Mary,Pastry,Benjamina,F,23,0,5.0,0,0,0,1,0
"Series 7, Episode 5",7,5,Mary,Pastry,Candice,F,31,0,2.0,0,1,0,1,1
"Series 7, Episode 5",7,5,Mary,Pastry,Jane,F,61,0,1.0,0,0,0,1,0
"Series 7, Episode 5",7,5,Mary,Pastry,Kate,F,37,0,,0,0,0,0,0
"Series 7, Episode 5",7,5,Mary,Pastry,Lee,M,67,0,,0,0,0,0,0
"Series 7, Episode 5",7,5,Mary,Pastry,Louise,F,46,0,,0,0,0,0,0
"Series 7, Episode 5",7,5,Mary,Pastry,Michael,M,20,0,,0,0,0,0,0
"Series 7, Episode 5",7,5,Mary,Pastry,Rav,M,28,0,8.0,0,0,0,1,0
"Series 7, Episode 5",7,5,Mary,Pastry,Selasi,M,30,0,3.0,0,0,0,1,0
"Series 7, Episode 5",7,5,Mary,Pastry,Tom,M,26,0,4.0,0,0,0,1,0
"Series 7, Episode 5",7,5,Mary,Pastry,Val,F,66,0,7.0,0,0,1,1,0
"Series 7, Episode 6",7,6,Mary,Botanical,Andrew,M,25,0,6.0,0,0,0,1,0
"Series 7, Episode 6",7,6,Mary,Botanical,Benjamina,F,23,0,2.0,0,0,0,1,0
"Series 7, Episode 6",7,6,Mary,Botanical,Candice,F,31,0,5.0,0,0,0,1,1
"Series 7, Episode 6",7,6,Mary,Botanical,Jane,F,61,0,4.0,0,0,0,1,0
"Series 7, Episode 6",7,6,Mary,Botanical,Kate,F,37,0,,0,0,0,0,0
"Series 7, Episode 6",7,6,Mary,Botanical,Lee,M,67,0,,0,0,0,0,0
"Series 7, Episode 6",7,6,Mary,Botanical,Louise,F,46,0,,0,0,0,0,0
"Series 7, Episode 6",7,6,Mary,Botanical,Michael,M,20,0,,0,0,0,0,0
"Series 7, Episode 6",7,6,Mary,Botanical,Rav,M,28,0,3.0,0,0,1,1,0
"Series 7, Episode 6",7,6,Mary,Botanical,Selasi,M,30,0,7.0,0,0,0,1,0
"Series 7, Episode 6",7,6,Mary,Botanical,Tom,M,26,0,1.0,0,1,0,1,0
"Series 7, Episode 6",7,6,Mary,Botanical,Val,F,66,0,,0,0,0,0,0
"Series 7, Episode 7",7,7,Mary,Dessert,Andrew,M,25,0,1.0,0,1,0,1,0
"Series 7, Episode 7",7,7,Mary,Dessert,Benjamina,F,23,0,3.0,0,0,0,1,0
"Series 7, Episode 7",7,7,Mary,Dessert,Candice,F,31,0,2.0,0,0,0,1,1
"Series 7, Episode 7",7,7,Mary,Dessert,Jane,F,61,0,4.0,0,0,0,1,0
"Series 7, Episode 7",7,7,Mary,Dessert,Kate,F,37,0,,0,0,0,0,0
"Series 7, Episode 7",7,7,Mary,Dessert,Lee,M,67,0,,0,0,0,0,0
"Series 7, Episode 7",7,7,Mary,Dessert,Louise,F,46,0,,0,0,0,0,0
"Series 7, Episode 7",7,7,Mary,Dessert,Michael,M,20,0,,0,0,0,0,0
"Series 7, Episode 7",7,7,Mary,Dessert,Rav,M,28,0,,0,0,0,0,0
"Series 7, Episode 7",7,7,Mary,Dessert,Selasi,M,30,0,6.0,0,0,0,1,0
"Series 7, Episode 7",7,7,Mary,Dessert,Tom,M,26,0,5.0,0,0,1,1,0
"Series 7, Episode 7",7,7,Mary,Dessert,Val,F,66,0,,0,0,0,0,0
"Series 7, Episode 8",7,8,Mary,Tudor,Andrew,M,25,0,2.0,0,0,0,1,0
"Series 7, Episode 8",7,8,Mary,Tudor,Benjamina,F,23,0,4.0,0,0,1,1,0
"Series 7, Episode 8",7,8,Mary,Tudor,Candice,F,31,0,1.0,0,1,0,1,1
"Series 7, Episode 8",7,8,Mary,Tudor,Jane,F,61,0,5.0,0,0,0,1,0
"Series 7, Episode 8",7,8,Mary,Tudor,Kate,F,37,0,,0,0,0,0,0
"Series 7, Episode 8",7,8,Mary,Tudor,Lee,M,67,0,,0,0,0,0,0
"Series 7, Episode 8",7,8,Mary,Tudor,Louise,F,46,0,,0,0,0,0,0
"Series 7, Episode 8",7,8,Mary,Tudor,Michael,M,20,0,,0,0,0,0,0
"Series 7, Episode 8",7,8,Mary,Tudor,Rav,M,28,0,,0,0,0,0,0
"Series 7, Episode 8",7,8,Mary,Tudor,Selasi,M,30,0,3.0,0,0,0,1,0
"Series 7, Episode 8",7,8,Mary,Tudor,Tom,M,26,0,,0,0,0,0,0
"Series 7, Episode 8",7,8,Mary,Tudor,Val,F,66,0,,0,0,0,0,0
"Series 7, Episode 9",7,9,Mary,Pâtisserie,Andrew,M,25,0,2.0,0,1,0,1,0
"Series 7, Episode 9",7,9,Mary,Pâtisserie,Benjamina,F,23,0,,0,0,0,0,0
"Series 7, Episode 9",7,9,Mary,Pâtisserie,Candice,F,31,0,3.0,0,0,0,1,1
"Series 7, Episode 9",7,9,Mary,Pâtisserie,Jane,F,61,0,1.0,0,0,0,1,0
"Series 7, Episode 9",7,9,Mary,Pâtisserie,Kate,F,37,0,,0,0,0,0,0
"Series 7, Episode 9",7,9,Mary,Pâtisserie,Lee,M,67,0,,0,0,0,0,0
"Series 7, Episode 9",7,9,Mary,Pâtisserie,Louise,F,46,0,,0,0,0,0,0
"Series 7, Episode 9",7,9,Mary,Pâtisserie,Michael,M,20,0,,0,0,0,0,0
"Series 7, Episode 9",7,9,Mary,Pâtisserie,Rav,M,28,0,,0,0,0,0,0
"Series 7, Episode 9",7,9,Mary,Pâtisserie,Selasi,M,30,0,4.0,0,0,1,1,0
"Series 7, Episode 9",7,9,Mary,Pâtisserie,Tom,M,26,0,,0,0,0,0,0
"Series 7, Episode 9",7,9,Mary,Pâtisserie,Val,F,66,0,,0,0,0,0,0
"Series 7, Episode 10",7,10,Mary,Final,Andrew,M,25,0,1.0,0,0,1,1,0
"Series 7, Episode 10",7,10,Mary,Final,Benjamina,F,23,0,,0,0,0,0,0
"Series 7, Episode 10",7,10,Mary,Final,Candice,F,31,1,2.0,0,1,0,1,1
"Series 7, Episode 10",7,10,Mary,Final,Jane,F,61,1,3.0,0,0,1,1,0
"Series 7, Episode 10",7,10,Mary,Final,Kate,F,37,0,,0,0,0,0,0
"Series 7, Episode 10",7,10,Mary,Final,Lee,M,67,0,,0,0,0,0,0
"Series 7, Episode 10",7,10,Mary,Final,Louise,F,46,0,,0,0,0,0,0
"Series 7, Episode 10",7,10,Mary,Final,Michael,M,20,0,,0,0,0,0,0
"Series 7, Episode 10",7,10,Mary,Final,Rav,M,28,0,,0,0,0,0,0
"Series 7, Episode 10",7,10,Mary,Final,Selasi,M,30,0,,0,0,0,0,0
"Series 7, Episode 10",7,10,Mary,Final,Tom,M,26,0,,0,0,0,0,0
"Series 7, Episode 10",7,10,Mary,Final,Val,F,66,0,,0,0,0,0,0
"Series 8, Episode 1",8,1,Prue,Cake,Chris,M,50,0,12.0,0,0,0,1,0
"Series 8, Episode 1",8,1,Prue,Cake,Flo,F,71,0,9.0,0,0,0,1,0
"Series 8, Episode 1",8,1,Prue,Cake,James,M,46,0,2.0,0,0,0,1,0
"Series 8, Episode 1",8,1,Prue,Cake,Julia,F,21,0,3.0,0,0,0,1,0
"Series 8, Episode 1",8,1,Prue,Cake,Kate,F,29,0,1.0,0,0,0,1,0
"Series 8, Episode 1",8,1,Prue,Cake,Liam,M,19,0,8.0,0,0,0,1,0
"Series 8, Episode 1",8,1,Prue,Cake,Peter,M,52,0,10.0,0,0,1,1,0
"Series 8, Episode 1",8,1,Prue,Cake,Sophie,F,33,1,5.0,0,0,0,1,1
"Series 8, Episode 1",8,1,Prue,Cake,Stacey,F,42,0,11.0,0,0,0,1,0
"Series 8, Episode 1",8,1,Prue,Cake,Steven,M,34,1,6.0,0,1,0,1,0
"Series 8, Episode 1",8,1,Prue,Cake,Tom,M,29,0,7.0,0,0,0,1,0
"Series 8, Episode 1",8,1,Prue,Cake,Yan,F,46,0,4.0,0,0,0,1,0
"Series 8, Episode 2",8,2,Prue,Biscuits,Chris,M,50,0,11.0,0,0,1,1,0
"Series 8, Episode 2",8,2,Prue,Biscuits,Flo,F,71,0,10.0,0,0,0,1,0
"Series 8, Episode 2",8,2,Prue,Biscuits,James,M,46,0,3.0,0,0,0,1,0
"Series 8, Episode 2",8,2,Prue,Biscuits,Julia,F,21,0,4.0,0,0,0,1,0
"Series 8, Episode 2",8,2,Prue,Biscuits,Kate,F,29,0,8.0,0,0,0,1,0
"Series 8, Episode 2",8,2,Prue,Biscuits,Liam,M,19,0,7.0,0,0,0,1,0
"Series 8, Episode 2",8,2,Prue,Biscuits,Peter,M,52,0,,0,0,0,0,0
"Series 8, Episode 2",8,2,Prue,Biscuits,Sophie,F,33,0,2.0,0,0,0,1,1
"Series 8, Episode 2",8,2,Prue,Biscuits,Stacey,F,42,0,9.0,0,0,0,1,0
"Series 8, Episode 2",8,2,Prue,Biscuits,Steven,M,34,0,6.0,0,1,0,1,0
"Series 8, Episode 2",8,2,Prue,Biscuits,Tom,M,29,0,5.0,0,0,0,1,0
"Series 8, Episode 2",8,2,Prue,Biscuits,Yan,F,46,0,1.0,0,0,0,1,0
"Series 8, Episode 3",8,3,Prue,Bread,Chris,M,50,0,,0,0,0,0,0
"Series 8, Episode 3",8,3,Prue,Bread,Flo,F,71,0,7.0,0,0,1,1,0
"Series 8, Episode 3",8,3,Prue,Bread,James,M,46,0,9.0,0,0,0,1,0
"Series 8, Episode 3",8,3,Prue,Bread,Julia,F,21,0,2.0,0,1,0,1,0
"Series 8, Episode 3",8,3,Prue,Bread,Kate,F,29,0,10.0,0,0,0,1,0
"Series 8, Episode 3",8,3,Prue,Bread,Liam,M,19,0,5.0,0,0,0,1,0
"Series 8, Episode 3",8,3,Prue,Bread,Peter,M,52,0,,0,0,0,0,0
"Series 8, Episode 3",8,3,Prue,Bread,Sophie,F,33,0,6.0,0,0,0,1,1
"Series 8, Episode 3",8,3,Prue,Bread,Stacey,F,42,0,1.0,0,0,0,1,0
"Series 8, Episode 3",8,3,Prue,Bread,Steven,M,34,0,3.0,0,0,0,1,0
"Series 8, Episode 3",8,3,Prue,Bread,Tom,M,29,0,4.0,0,0,0,1,0
"Series 8, Episode 3",8,3,Prue,Bread,Yan,F,46,0,8.0,0,0,0,1,0
"Series 8, Episode 4",8,4,Prue,Caramel,Chris,M,50,0,,0,0,0,0,0
"Series 8, Episode 4",8,4,Prue,Caramel,Flo,F,71,0,,0,0,0,0,0
"Series 8, Episode 4",8,4,Prue,Caramel,James,M,46,0,2.0,0,0,0,1,0
"Series 8, Episode 4",8,4,Prue,Caramel,Julia,F,21,0,9.0,0,0,0,1,0
"Series 8, Episode 4",8,4,Prue,Caramel,Kate,F,29,0,6.0,0,1,0,1,0
"Series 8, Episode 4",8,4,Prue,Caramel,Liam,M,19,1,3.0,0,0,0,1,0
"Series 8, Episode 4",8,4,Prue,Caramel,Peter,M,52,0,,0,0,0,1,0
"Series 8, Episode 4",8,4,Prue,Caramel,Sophie,F,33,0,4.0,0,0,0,0,1
"Series 8, Episode 4",8,4,Prue,Caramel,Stacey,F,42,0,1.0,0,0,0,1,0
"Series 8, Episode 4",8,4,Prue,Caramel,Steven,M,34,0,7.0,0,0,0,1,0
"Series 8, Episode 4",8,4,Prue,Caramel,Tom,M,29,0,5.0,0,0,1,1,0
"Series 8, Episode 4",8,4,Prue,Caramel,Yan,F,46,0,8.0,0,0,0,0,0
"Series 8, Episode 5",8,5,Prue,Pudding,Chris,M,50,0,,0,0,0,0,0
"Series 8, Episode 5",8,5,Prue,Pudding,Flo,F,71,0,,0,0,0,0,0
"Series 8, Episode 5",8,5,Prue,Pudding,James,M,46,0,7.0,0,0,1,1,0
"Series 8, Episode 5",8,5,Prue,Pudding,Julia,F,21,0,3.0,0,0,0,1,0
"Series 8, Episode 5",8,5,Prue,Pudding,Kate,F,29,0,8.0,0,0,0,1,0
"Series 8, Episode 5",8,5,Prue,Pudding,Liam,M,19,1,2.0,0,0,0,1,0
"Series 8, Episode 5",8,5,Prue,Pudding,Peter,M,52,0,,0,0,0,0,0
"Series 8, Episode 5",8,5,Prue,Pudding,Sophie,F,33,0,1.0,0,1,0,1,1
"Series 8, Episode 5",8,5,Prue,Pudding,Stacey,F,42,0,4.0,0,0,0,1,0
"Series 8, Episode 5",8,5,Prue,Pudding,Steven,M,34,1,5.0,0,0,0,1,0
"Series 8, Episode 5",8,5,Prue,Pudding,Tom,M,29,0,,0,0,0,0,0
"Series 8, Episode 5",8,5,Prue,Pudding,Yan,F,46,1,6.0,0,0,0,1,0
"Series 8, Episode 6",8,6,Prue,Pastry,Chris,M,50,0,,0,0,0,0,0
"Series 8, Episode 6",8,6,Prue,Pastry,Flo,F,71,0,,0,0,0,0,0
"Series 8, Episode 6",8,6,Prue,Pastry,James,M,46,0,,0,0,0,0,0
"Series 8, Episode 6",8,6,Prue,Pastry,Julia,F,21,0,7.0,0,0,1,1,0
"Series 8, Episode 6",8,6,Prue,Pastry,Kate,F,29,0,5.0,0,0,0,1,0
"Series 8, Episode 6",8,6,Prue,Pastry,Liam,M,19,0,4.0,0,1,0,1,0
"Series 8, Episode 6",8,6,Prue,Pastry,Peter,M,52,0,,0,0,0,0,0
"Series 8, Episode 6",8,6,Prue,Pastry,Sophie,F,33,0,2.0,0,0,0,1,1
"Series 8, Episode 6",8,6,Prue,Pastry,Stacey,F,42,0,6.0,0,0,0,1,0
"Series 8, Episode 6",8,6,Prue,Pastry,Steven,M,34,0,3.0,0,0,0,1,0
"Series 8, Episode 6",8,6,Prue,Pastry,Tom,M,29,0,,0,0,0,0,0
"Series 8, Episode 6",8,6,Prue,Pastry,Yan,F,46,0,1.0,0,0,0,1,0
"Series 8, Episode 7",8,7,Prue,Italian,Chris,M,50,0,,0,0,0,0,0
"Series 8, Episode 7",8,7,Prue,Italian,Flo,F,71,0,,0,0,0,0,0
"Series 8, Episode 7",8,7,Prue,Italian,James,M,46,0,,0,0,0,0,0
"Series 8, Episode 7",8,7,Prue,Italian,Julia,F,21,0,,0,0,0,0,0
"Series 8, Episode 7",8,7,Prue,Italian,Kate,F,29,0,6.0,0,0,0,1,0
"Series 8, Episode 7",8,7,Prue,Italian,Liam,M,19,0,2.0,0,0,0,1,0
"Series 8, Episode 7",8,7,Prue,Italian,Peter,M,52,0,,0,0,0,0,0
"Series 8, Episode 7",8,7,Prue,Italian,Sophie,F,33,0,3.0,0,0,0,1,1
"Series 8, Episode 7",8,7,Prue,Italian,Stacey,F,42,0,4.0,0,0,0,1,0
"Series 8, Episode 7",8,7,Prue,Italian,Steven,M,34,0,1.0,0,1,0,1,0
"Series 8, Episode 7",8,7,Prue,Italian,Tom,M,29,0,,0,0,0,0,0
"Series 8, Episode 7",8,7,Prue,Italian,Yan,F,46,0,5.0,0,0,1,1,0
"Series 8, Episode 8",8,8,Prue,Forgotten,Chris,M,50,0,,0,0,0,0,0
"Series 8, Episode 8",8,8,Prue,Forgotten,Flo,F,71,0,,0,0,0,0,0
"Series 8, Episode 8",8,8,Prue,Forgotten,James,M,46,0,,0,0,0,0,0
"Series 8, Episode 8",8,8,Prue,Forgotten,Julia,F,21,0,,0,0,0,0,0
"Series 8, Episode 8",8,8,Prue,Forgotten,Kate,F,29,0,2.0,0,0,0,1,0
"Series 8, Episode 8",8,8,Prue,Forgotten,Liam,M,19,0,5.0,0,0,1,1,0
"Series 8, Episode 8",8,8,Prue,Forgotten,Peter,M,52,0,,0,0,0,0,0
"Series 8, Episode 8",8,8,Prue,Forgotten,Sophie,F,33,0,4.0,0,0,0,1,1
"Series 8, Episode 8",8,8,Prue,Forgotten,Stacey,F,42,1,3.0,0,1,0,1,0
"Series 8, Episode 8",8,8,Prue,Forgotten,Steven,M,34,0,1.0,0,0,0,1,0
"Series 8, Episode 8",8,8,Prue,Forgotten,Tom,M,29,0,,0,0,0,0,0
"Series 8, Episode 8",8,8,Prue,Forgotten,Yan,F,46,0,,0,0,0,0,0
"Series 8, Episode 9",8,9,Prue,Pâtisserie,Chris,M,50,0,,0,0,0,0,0
"Series 8, Episode 9",8,9,Prue,Pâtisserie,Flo,F,71,0,,0,0,0,0,0
"Series 8, Episode 9",8,9,Prue,Pâtisserie,James,M,46,0,,0,0,0,0,0
"Series 8, Episode 9",8,9,Prue,Pâtisserie,Julia,F,21,0,,0,0,0,0,0
"Series 8, Episode 9",8,9,Prue,Pâtisserie,Kate,F,29,0,4.0,0,0,0,1,0
"Series 8, Episode 9",8,9,Prue,Pâtisserie,Liam,M,19,0,,0,0,0,0,0
"Series 8, Episode 9",8,9,Prue,Pâtisserie,Peter,M,52,0,,0,0,0,0,0
"Series 8, Episode 9",8,9,Prue,Pâtisserie,Sophie,F,33,0,1.0,0,1,0,1,1
"Series 8, Episode 9",8,9,Prue,Pâtisserie,Stacey,F,42,0,2.0,0,0,1,1,0
"Series 8, Episode 9",8,9,Prue,Pâtisserie,Steven,M,34,0,3.0,0,0,0,1,0
"Series 8, Episode 9",8,9,Prue,Pâtisserie,Tom,M,29,0,,0,0,0,0,0
"Series 8, Episode 9",8,9,Prue,Pâtisserie,Yan,F,46,0,,0,0,0,0,0
"Series 8, Episode 10",8,10,Prue,Final,Chris,M,50,0,,0,0,0,0,0
"Series 8, Episode 10",8,10,Prue,Final,Flo,F,71,0,,0,0,0,0,0
"Series 8, Episode 10",8,10,Prue,Final,James,M,46,0,,0,0,0,0,0
"Series 8, Episode 10",8,10,Prue,Final,Julia,F,21,0,,0,0,0,0,0
"Series 8, Episode 10",8,10,Prue,Final,Kate,F,29,0,3.0,0,0,1,1,0
"Series 8, Episode 10",8,10,Prue,Final,Liam,M,19,0,,0,0,0,0,0
"Series 8, Episode 10",8,10,Prue,Final,Peter,M,52,0,,0,0,0,0,0
"Series 8, Episode 10",8,10,Prue,Final,Sophie,F,33,0,2.0,0,1,0,1,1
"Series 8, Episode 10",8,10,Prue,Final,Stacey,F,42,0,,0,0,0,0,0
"Series 8, Episode 10",8,10,Prue,Final,Steven,M,34,0,1.0,0,0,1,1,0
"Series 8, Episode 10",8,10,Prue,Final,Tom,M,29,0,,0,0,0,0,0
"Series 8, Episode 10",8,10,Prue,Final,Yan,F,46,0,,0,0,0,0,0
"Series 9, Episode 1",9,1,Prue,Biscuits,Antony,M,30,0,12.0,0,0,0,1,0
"Series 9, Episode 1",9,1,Prue,Biscuits,Briony,F,33,0,2.0,0,0,0,1,0
"Series 9, Episode 1",9,1,Prue,Biscuits,Dan,M,36,0,4.0,0,0,0,1,0
"Series 9, Episode 1",9,1,Prue,Biscuits,Imelda,F,33,0,11.0,0,0,1,1,0
"Series 9, Episode 1",9,1,Prue,Biscuits,Jon,M,47,0,5.0,0,0,0,1,0
"Series 9, Episode 1",9,1,Prue,Biscuits,Karen,F,60,0,6.0,0,0,0,1,0
"Series 9, Episode 1",9,1,Prue,Biscuits,Kim-Joy,F,27,0,10.0,0,0,0,1,0
"Series 9, Episode 1",9,1,Prue,Biscuits,Luke,M,30,0,8.0,0,0,0,1,0
"Series 9, Episode 1",9,1,Prue,Biscuits,Manon,F,26,0,3.0,0,1,0,1,0
"Series 9, Episode 1",9,1,Prue,Biscuits,Rahul,M,30,0,7.0,0,0,0,1,1
"Series 9, Episode 1",9,1,Prue,Biscuits,Ruby,F,29,0,1.0,0,0,0,1,0
"Series 9, Episode 1",9,1,Prue,Biscuits,Terry,M,46,0,9.0,0,0,0,1,0
"Series 9, Episode 2",9,2,Prue,Cake,Antony,M,30,0,9.0,0,0,0,1,0
"Series 9, Episode 2",9,2,Prue,Cake,Briony,F,33,0,5.0,0,0,0,1,0
"Series 9, Episode 2",9,2,Prue,Cake,Dan,M,36,1,3.0,0,0,0,1,0
"Series 9, Episode 2",9,2,Prue,Cake,Imelda,F,33,0,,0,0,0,0,0
"Series 9, Episode 2",9,2,Prue,Cake,Jon,M,47,0,1.0,0,0,0,1,0
"Series 9, Episode 2",9,2,Prue,Cake,Karen,F,60,0,11.0,0,0,0,1,0
"Series 9, Episode 2",9,2,Prue,Cake,Kim-Joy,F,27,0,4.0,0,0,0,1,0
"Series 9, Episode 2",9,2,Prue,Cake,Luke,M,30,0,7.0,0,0,1,1,0
"Series 9, Episode 2",9,2,Prue,Cake,Manon,F,26,0,6.0,0,0,0,1,0
"Series 9, Episode 2",9,2,Prue,Cake,Rahul,M,30,0,2.0,1,1,0,1,1
"Series 9, Episode 2",9,2,Prue,Cake,Ruby,F,29,0,10.0,1,0,0,1,0
"Series 9, Episode 2",9,2,Prue,Cake,Terry,M,46,0,8.0,0,0,0,1,0
"Series 9, Episode 3",9,3,Prue,Bread,Antony,M,30,0,8.0,0,0,1,1,0
"Series 9, Episode 3",9,3,Prue,Bread,Briony,F,33,0,9.0,0,0,0,1,0
"Series 9, Episode 3",9,3,Prue,Bread,Dan,M,36,1,6.0,0,0,0,1,0
"Series 9, Episode 3",9,3,Prue,Bread,Imelda,F,33,0,,0,0,0,0,0
"Series 9, Episode 3",9,3,Prue,Bread,Jon,M,47,0,2.0,0,0,0,1,0
"Series 9, Episode 3",9,3,Prue,Bread,Karen,F,60,0,5.0,0,0,0,1,0
"Series 9, Episode 3",9,3,Prue,Bread,Kim-Joy,F,27,0,10.0,0,0,0,1,0
"Series 9, Episode 3",9,3,Prue,Bread,Luke,M,30,0,,0,0,0,0,0
"Series 9, Episode 3",9,3,Prue,Bread,Manon,F,26,0,3.0,0,0,0,1,0
"Series 9, Episode 3",9,3,Prue,Bread,Rahul,M,30,0,4.0,0,1,0,1,1
"Series 9, Episode 3",9,3,Prue,Bread,Ruby,F,29,0,7.0,0,0,0,1,0
"Series 9, Episode 3",9,3,Prue,Bread,Terry,M,46,0,1.0,0,0,0,1,0
"Series 9, Episode 4",9,4,Prue,Dessert,Antony,M,30,0,,0,0,0,0,0
"Series 9, Episode 4",9,4,Prue,Dessert,Briony,F,33,0,5.0,0,0,0,1,0
"Series 9, Episode 4",9,4,Prue,Dessert,Dan,M,36,1,1.0,0,1,0,1,0
"Series 9, Episode 4",9,4,Prue,Dessert,Imelda,F,33,0,,0,0,0,0,0
"Series 9, Episode 4",9,4,Prue,Dessert,Jon,M,47,1,3.0,0,0,0,1,0
"Series 9, Episode 4",9,4,Prue,Dessert,Karen,F,60,0,7.0,0,0,0,1,0
"Series 9, Episode 4",9,4,Prue,Dessert,Kim-Joy,F,27,0,6.0,0,0,0,1,0
"Series 9, Episode 4",9,4,Prue,Dessert,Luke,M,30,0,,0,0,0,0,0
"Series 9, Episode 4",9,4,Prue,Dessert,Manon,F,26,0,8.0,0,0,0,1,0
"Series 9, Episode 4",9,4,Prue,Dessert,Rahul,M,30,0,4.0,0,0,0,1,1
"Series 9, Episode 4",9,4,Prue,Dessert,Ruby,F,29,0,2.0,0,0,0,1,0
"Series 9, Episode 4",9,4,Prue,Dessert,Terry,M,46,0,,0,0,0,0,0
"Series 9, Episode 5",9,5,Prue,Spice,Antony,M,30,0,,0,0,0,0,0
"Series 9, Episode 5",9,5,Prue,Spice,Briony,F,33,0,6.0,0,0,0,1,0
"Series 9, Episode 5",9,5,Prue,Spice,Dan,M,36,0,2.0,0,0,0,1,0
"Series 9, Episode 5",9,5,Prue,Spice,Imelda,F,33,0,,0,0,0,0,0
"Series 9, Episode 5",9,5,Prue,Spice,Jon,M,47,0,7.0,0,0,0,1,0
"Series 9, Episode 5",9,5,Prue,Spice,Karen,F,60,0,9.0,0,0,1,1,0
"Series 9, Episode 5",9,5,Prue,Spice,Kim-Joy,F,27,1,4.0,0,1,0,1,0
"Series 9, Episode 5",9,5,Prue,Spice,Luke,M,30,0,,0,0,0,0,0
"Series 9, Episode 5",9,5,Prue,Spice,Manon,F,26,1,5.0,0,0,0,1,0
"Series 9, Episode 5",9,5,Prue,Spice,Rahul,M,30,1,3.0,0,0,0,1,1
"Series 9, Episode 5",9,5,Prue,Spice,Ruby,F,29,0,1.0,0,0,0,1,0
"Series 9, Episode 5",9,5,Prue,Spice,Terry,M,46,0,8.0,0,0,1,1,0
"Series 9, Episode 6",9,6,Prue,Pastry,Antony,M,30,0,,0,0,0,0,0
"Series 9, Episode 6",9,6,Prue,Pastry,Briony,F,33,0,1.0,0,1,0,1,0
"Series 9, Episode 6",9,6,Prue,Pastry,Dan,M,36,0,6.0,0,0,1,1,0
"Series 9, Episode 6",9,6,Prue,Pastry,Imelda,F,33,0,,0,0,0,0,0
"Series 9, Episode 6",9,6,Prue,Pastry,Jon,M,47,0,2.0,0,0,0,1,0
"Series 9, Episode 6",9,6,Prue,Pastry,Karen,F,60,0,,0,0,0,0,0
"Series 9, Episode 6",9,6,Prue,Pastry,Kim-Joy,F,27,0,5.0,0,0,0,1,0
"Series 9, Episode 6",9,6,Prue,Pastry,Luke,M,30,0,,0,0,0,0,0
"Series 9, Episode 6",9,6,Prue,Pastry,Manon,F,26,0,4.0,0,0,0,1,0
"Series 9, Episode 6",9,6,Prue,Pastry,Rahul,M,30,1,3.0,0,0,0,1,1
"Series 9, Episode 6",9,6,Prue,Pastry,Ruby,F,29,1,7.0,0,0,0,1,0
"Series 9, Episode 6",9,6,Prue,Pastry,Terry,M,46,0,,0,0,0,0,0
"Series 9, Episode 7",9,7,Prue,Vegan,Antony,M,30,0,,0,0,0,0,0
"Series 9, Episode 7",9,7,Prue,Vegan,Briony,F,33,0,5.0,0,0,0,1,0
"Series 9, Episode 7",9,7,Prue,Vegan,Dan,M,36,0,,0,0,0,0,0
"Series 9, Episode 7",9,7,Prue,Vegan,Imelda,F,33,0,,0,0,0,0,0
"Series 9, Episode 7",9,7,Prue,Vegan,Jon,M,47,0,4.0,0,0,1,1,0
"Series 9, Episode 7",9,7,Prue,Vegan,Karen,F,60,0,,0,0,0,0,0
"Series 9, Episode 7",9,7,Prue,Vegan,Kim-Joy,F,27,1,6.0,0,1,0,1,0
"Series 9, Episode 7",9,7,Prue,Vegan,Luke,M,30,0,,0,0,0,0,0
"Series 9, Episode 7",9,7,Prue,Vegan,Manon,F,26,0,2.0,0,0,0,1,0
"Series 9, Episode 7",9,7,Prue,Vegan,Rahul,M,30,0,1.0,0,0,0,1,1
"Series 9, Episode 7",9,7,Prue,Vegan,Ruby,F,29,0,3.0,0,0,0,1,0
"Series 9, Episode 7",9,7,Prue,Vegan,Terry,M,46,0,,0,0,0,0,0
"Series 9, Episode 8",9,8,Prue,Danish,Antony,M,30,0,,0,0,0,0,0
"Series 9, Episode 8",9,8,Prue,Danish,Briony,F,33,0,1.0,0,0,0,1,0
"Series 9, Episode 8",9,8,Prue,Danish,Dan,M,36,0,,0,0,0,0,0
"Series 9, Episode 8",9,8,Prue,Danish,Imelda,F,33,0,,0,0,0,0,0
"Series 9, Episode 8",9,8,Prue,Danish,Jon,M,47,0,,0,0,0,0,0
"Series 9, Episode 8",9,8,Prue,Danish,Karen,F,60,0,,0,0,0,0,0
"Series 9, Episode 8",9,8,Prue,Danish,Kim-Joy,F,27,0,2.0,0,0,0,1,0
"Series 9, Episode 8",9,8,Prue,Danish,Luke,M,30,0,,0,0,0,0,0
"Series 9, Episode 8",9,8,Prue,Danish,Manon,F,26,0,4.0,0,0,1,1,0
"Series 9, Episode 8",9,8,Prue,Danish,Rahul,M,30,0,5.0,0,0,0,1,1
"Series 9, Episode 8",9,8,Prue,Danish,Ruby,F,29,0,3.0,0,1,0,1,0
"Series 9, Episode 8",9,8,Prue,Danish,Terry,M,46,0,,0,0,0,0,0
"Series 9, Episode 9",9,9,Prue,Pâtisserie,Antony,M,30,0,,0,0,0,0,0
"Series 9, Episode 9",9,9,Prue,Pâtisserie,Briony,F,33,0,3.0,0,0,1,1,0
"Series 9, Episode 9",9,9,Prue,Pâtisserie,Dan,M,36,0,,0,0,0,0,0
"Series 9, Episode 9",9,9,Prue,Pâtisserie,Imelda,F,33,0,,0,0,0,0,0
"Series 9, Episode 9",9,9,Prue,Pâtisserie,Jon,M,47,0,,0,0,0,0,0
"Series 9, Episode 9",9,9,Prue,Pâtisserie,Karen,F,60,0,,0,0,0,0,0
"Series 9, Episode 9",9,9,Prue,Pâtisserie,Kim-Joy,F,27,0,2.0,0,0,0,1,0
"Series 9, Episode 9",9,9,Prue,Pâtisserie,Luke,M,30,0,,0,0,0,0,0
"Series 9, Episode 9",9,9,Prue,Pâtisserie,Manon,F,26,0,,0,0,0,0,0
"Series 9, Episode 9",9,9,Prue,Pâtisserie,Rahul,M,30,0,4.0,0,0,0,1,1
"Series 9, Episode 9",9,9,Prue,Pâtisserie,Ruby,F,29,0,1.0,0,1,0,1,0
"Series 9, Episode 9",9,9,Prue,Pâtisserie,Terry,M,46,0,,0,0,0,0,0
"Series 9, Episode 10",9,10,Prue,Final,Antony,M,30,0,,0,0,0,0,0
"Series 9, Episode 10",9,10,Prue,Final,Briony,F,33,0,,0,0,0,0,0
"Series 9, Episode 10",9,10,Prue,Final,Dan,M,36,0,,0,0,0,0,0
"Series 9, Episode 10",9,10,Prue,Final,Imelda,F,33,0,,0,0,0,0,0
"Series 9, Episode 10",9,10,Prue,Final,Jon,M,47,0,,0,0,0,0,0
"Series 9, Episode 10",9,10,Prue,Final,Karen,F,60,0,,0,0,0,0,0
"Series 9, Episode 10",9,10,Prue,Final,Kim-Joy,F,27,0,1.0,0,0,1,1,0
"Series 9, Episode 10",9,10,Prue,Final,Luke,M,30,0,,0,0,0,0,0
"Series 9, Episode 10",9,10,Prue,Final,Manon,F,26,0,,0,0,0,0,0
"Series 9, Episode 10",9,10,Prue,Final,Rahul,M,30,0,2.0,0,1,0,1,1
"Series 9, Episode 10",9,10,Prue,Final,Ruby,F,29,0,3.0,0,0,1,1,0
"Series 9, Episode 10",9,10,Prue,Final,Terry,M,46,0,,0,0,0,0,0
"Series 10, Episode 1",10,1,Prue,Cake,Alice,F,29,0,5.0,0,0,0,1,0
"Series 10, Episode 1",10,1,Prue,Cake,Amelia,F,24,0,4.0,0,0,0,1,0
"Series 10, Episode 1",10,1,Prue,Cake,Dan,M,32,0,10.0,0,0,1,1,0
"Series 10, Episode 1",10,1,Prue,Cake,David,M,36,0,9.0,0,0,0,1,1
"Series 10, Episode 1",10,1,Prue,Cake,Helena,F,40,0,12.0,0,0,0,1,0
"Series 10, Episode 1",10,1,Prue,Cake,Henry,M,20,0,1.0,0,0,0,1,0
"Series 10, Episode 1",10,1,Prue,Cake,Jamie,M,20,0,13.0,0,0,0,1,0
"Series 10, Episode 1",10,1,Prue,Cake,Michael,M,26,0,11.0,0,0,0,1,0
"Series 10, Episode 1",10,1,Prue,Cake,Michelle,F,35,0,6.0,0,1,0,1,0
"Series 10, Episode 1",10,1,Prue,Cake,Phil,M,56,0,8.0,0,0,0,1,0
"Series 10, Episode 1",10,1,Prue,Cake,Priya,F,34,0,7.0,0,0,0,1,0
"Series 10, Episode 1",10,1,Prue,Cake,Rosie,F,28,0,2.0,0,0,0,1,0
"Series 10, Episode 1",10,1,Prue,Cake,Steph,F,28,0,3.0,0,0,0,1,0
"Series 10, Episode 2",10,2,Prue,Biscuits,Alice,F,29,0,1.0,0,1,0,1,0
"Series 10, Episode 2",10,2,Prue,Biscuits,Amelia,F,24,0,9.0,0,0,0,1,0
"Series 10, Episode 2",10,2,Prue,Biscuits,Dan,M,32,0,,0,0,0,0,0
"Series 10, Episode 2",10,2,Prue,Biscuits,David,M,36,0,2.0,0,0,0,1,1
"Series 10, Episode 2",10,2,Prue,Biscuits,Helena,F,40,0,12.0,0,0,0,1,0
"Series 10, Episode 2",10,2,Prue,Biscuits,Henry,M,20,0,6.0,0,0,0,1,0
"Series 10, Episode 2",10,2,Prue,Biscuits,Jamie,M,20,0,11.0,0,0,1,1,0
"Series 10, Episode 2",10,2,Prue,Biscuits,Michael,M,26,0,4.0,0,0,0,1,0
"Series 10, Episode 2",10,2,Prue,Biscuits,Michelle,F,35,0,8.0,0,0,0,1,0
"Series 10, Episode 2",10,2,Prue,Biscuits,Phil,M,56,0,3.0,0,0,0,1,0
"Series 10, Episode 2",10,2,Prue,Biscuits,Priya,F,34,0,7.0,0,0,0,1,0
"Series 10, Episode 2",10,2,Prue,Biscuits,Rosie,F,28,0,5.0,0,0,0,1,0
"Series 10, Episode 2",10,2,Prue,Biscuits,Steph,F,28,0,10.0,0,0,0,1,0
"Series 10, Episode 3",10,3,Prue,Bread,Alice,F,29,0,7.0,0,0,0,1,0
"Series 10, Episode 3",10,3,Prue,Bread,Amelia,F,24,0,11.0,0,0,1,1,0
"Series 10, Episode 3",10,3,Prue,Bread,Dan,M,32,0,,0,0,0,0,0
"Series 10, Episode 3",10,3,Prue,Bread,David,M,36,0,2.0,0,0,0,1,1
"Series 10, Episode 3",10,3,Prue,Bread,Helena,F,40,0,8.0,0,0,0,1,0
"Series 10, Episode 3",10,3,Prue,Bread,Henry,M,20,0,1.0,0,0,0,1,0
"Series 10, Episode 3",10,3,Prue,Bread,Jamie,M,20,0,,0,0,0,0,0
"Series 10, Episode 3",10,3,Prue,Bread,Michael,M,26,1,6.0,0,1,0,1,0
"Series 10, Episode 3",10,3,Prue,Bread,Michelle,F,35,0,5.0,0,0,0,1,0
"Series 10, Episode 3",10,3,Prue,Bread,Phil,M,56,0,10.0,0,0,0,1,0
"Series 10, Episode 3",10,3,Prue,Bread,Priya,F,34,0,4.0,0,0,0,1,0
"Series 10, Episode 3",10,3,Prue,Bread,Rosie,F,28,0,9.0,0,0,0,1,0
"Series 10, Episode 3",10,3,Prue,Bread,Steph,F,28,0,3.0,0,0,0,1,0
"Series 10, Episode 4",10,4,Prue,Dairy,Alice,F,29,0,8.0,0,0,0,1,0
"Series 10, Episode 4",10,4,Prue,Dairy,Amelia,F,24,0,,0,0,0,0,0
"Series 10, Episode 4",10,4,Prue,Dairy,Dan,M,32,0,,0,0,0,0,0
"Series 10, Episode 4",10,4,Prue,Dairy,David,M,36,0,2.0,0,0,0,1,1
"Series 10, Episode 4",10,4,Prue,Dairy,Helena,F,40,0,9.0,0,0,0,1,0
"Series 10, Episode 4",10,4,Prue,Dairy,Henry,M,20,0,3.0,0,0,0,1,0
"Series 10, Episode 4",10,4,Prue,Dairy,Jamie,M,20,0,,0,0,0,0,0
"Series 10, Episode 4",10,4,Prue,Dairy,Michael,M,26,0,7.0,0,0,0,1,0
"Series 10, Episode 4",10,4,Prue,Dairy,Michelle,F,35,0,5.0,0,0,0,1,0
"Series 10, Episode 4",10,4,Prue,Dairy,Phil,M,56,0,6.0,0,0,1,1,0
"Series 10, Episode 4",10,4,Prue,Dairy,Priya,F,34,0,10.0,0,0,0,1,0
"Series 10, Episode 4",10,4,Prue,Dairy,Rosie,F,28,0,4.0,0,0,0,1,0
"Series 10, Episode 4",10,4,Prue,Dairy,Steph,F,28,0,1.0,0,1,0,1,0
"Series 10, Episode 5",10,5,Prue,Roaring Twenties,Alice,F,29,0,6.0,0,0,0,1,0
"Series 10, Episode 5",10,5,Prue,Roaring Twenties,Amelia,F,24,0,,0,0,0,0,0
"Series 10, Episode 5",10,5,Prue,Roaring Twenties,Dan,M,32,0,,0,0,0,0,0
"Series 10, Episode 5",10,5,Prue,Roaring Twenties,David,M,36,1,9.0,0,0,0,1,1
"Series 10, Episode 5",10,5,Prue,Roaring Twenties,Helena,F,40,0,1.0,0,0,1,1,0
"Series 10, Episode 5",10,5,Prue,Roaring Twenties,Henry,M,20,0,3.0,0,0,0,1,0
"Series 10, Episode 5",10,5,Prue,Roaring Twenties,Jamie,M,20,0,,0,0,0,0,0
"Series 10, Episode 5",10,5,Prue,Roaring Twenties,Michael,M,26,0,8.0,0,0,0,1,0
"Series 10, Episode 5",10,5,Prue,Roaring Twenties,Michelle,F,35,0,7.0,0,0,1,1,0
"Series 10, Episode 5",10,5,Prue,Roaring Twenties,Phil,M,56,0,,0,0,0,0,0
"Series 10, Episode 5",10,5,Prue,Roaring Twenties,Priya,F,34,0,2.0,0,0,0,1,0
"Series 10, Episode 5",10,5,Prue,Roaring Twenties,Rosie,F,28,0,5.0,0,0,0,1,0
"Series 10, Episode 5",10,5,Prue,Roaring Twenties,Steph,F,28,0,4.0,0,1,0,1,0
"Series 10, Episode 6",10,6,Prue,Dessert,Alice,F,29,0,1.0,0,0,0,1,0
"Series 10, Episode 6",10,6,Prue,Dessert,Amelia,F,24,0,,0,0,0,0,0
"Series 10, Episode 6",10,6,Prue,Dessert,Dan,M,32,0,,0,0,0,0,0
"Series 10, Episode 6",10,6,Prue,Dessert,David,M,36,0,2.0,0,0,0,1,1
"Series 10, Episode 6",10,6,Prue,Dessert,Helena,F,40,0,,0,0,0,0,0
"Series 10, Episode 6",10,6,Prue,Dessert,Henry,M,20,0,4.0,0,0,0,1,0
"Series 10, Episode 6",10,6,Prue,Dessert,Jamie,M,20,0,,0,0,0,0,0
"Series 10, Episode 6",10,6,Prue,Dessert,Michael,M,26,0,6.0,0,0,0,1,0
"Series 10, Episode 6",10,6,Prue,Dessert,Michelle,F,35,0,,0,0,0,0,0
"Series 10, Episode 6",10,6,Prue,Dessert,Phil,M,56,0,,0,0,0,0,0
"Series 10, Episode 6",10,6,Prue,Dessert,Priya,F,34,0,7.0,0,0,1,1,0
"Series 10, Episode 6",10,6,Prue,Dessert,Rosie,F,28,0,5.0,0,0,0,1,0
"Series 10, Episode 6",10,6,Prue,Dessert,Steph,F,28,0,3.0,0,1,0,1,0
"Series 10, Episode 7",10,7,Prue,Festivals,Alice,F,29,0,6.0,0,0,0,1,0
"Series 10, Episode 7",10,7,Prue,Festivals,Amelia,F,24,0,,0,0,0,0,0
"Series 10, Episode 7",10,7,Prue,Festivals,Dan,M,32,0,,0,0,0,0,0
"Series 10, Episode 7",10,7,Prue,Festivals,David,M,36,0,2.0,0,0,0,1,1
"Series 10, Episode 7",10,7,Prue,Festivals,Helena,F,40,0,,0,0,0,0,0
"Series 10, Episode 7",10,7,Prue,Festivals,Henry,M,20,0,3.0,1,1,0,1,0
"Series 10, Episode 7",10,7,Prue,Festivals,Jamie,M,20,0,,0,0,0,0,0
"Series 10, Episode 7",10,7,Prue,Festivals,Michael,M,26,0,5.0,0,0,1,1,0
"Series 10, Episode 7",10,7,Prue,Festivals,Michelle,F,35,0,,0,0,0,0,0
"Series 10, Episode 7",10,7,Prue,Festivals,Phil,M,56,0,,0,0,0,0,0
"Series 10, Episode 7",10,7,Prue,Festivals,Priya,F,34,0,,0,0,0,0,0
"Series 10, Episode 7",10,7,Prue,Festivals,Rosie,F,28,0,1.0,0,0,0,1,0
"Series 10, Episode 7",10,7,Prue,Festivals,Steph,F,28,0,4.0,1,0,0,1,0
"Series 10, Episode 8",10,8,Prue,Festivals,Alice,F,29,0,3.0,0,0,0,1,0
"Series 10, Episode 8",10,8,Prue,Festivals,Amelia,F,24,0,,0,0,0,0,0
"Series 10, Episode 8",10,8,Prue,Festivals,Dan,M,32,0,,0,0,0,0,0
"Series 10, Episode 8",10,8,Prue,Festivals,David,M,36,0,1.0,0,0,0,1,1
"Series 10, Episode 8",10,8,Prue,Festivals,Helena,F,40,0,,0,0,0,0,0
"Series 10, Episode 8",10,8,Prue,Festivals,Henry,M,20,0,5.0,0,0,1,1,0
"Series 10, Episode 8",10,8,Prue,Festivals,Jamie,M,20,0,,0,0,0,0,0
"Series 10, Episode 8",10,8,Prue,Festivals,Michael,M,26,0,,0,0,0,0,0
"Series 10, Episode 8",10,8,Prue,Festivals,Michelle,F,35,0,,0,0,0,0,0
"Series 10, Episode 8",10,8,Prue,Festivals,Phil,M,56,0,,0,0,0,0,0
"Series 10, Episode 8",10,8,Prue,Festivals,Priya,F,34,0,,0,0,0,0,0
"Series 10, Episode 8",10,8,Prue,Festivals,Rosie,F,28,0,2.0,0,0,0,1,0
"Series 10, Episode 8",10,8,Prue,Festivals,Steph,F,28,0,4.0,0,1,0,1,0
"Series 10, Episode 9",10,9,Prue,Pâtisserie,Alice,F,29,0,4.0,0,1,0,1,0
"Series 10, Episode 9",10,9,Prue,Pâtisserie,Amelia,F,24,0,,0,0,0,0,0
"Series 10, Episode 9",10,9,Prue,Pâtisserie,Dan,M,32,0,,0,0,0,0,0
"Series 10, Episode 9",10,9,Prue,Pâtisserie,David,M,36,0,2.0,0,0,0,1,1
"Series 10, Episode 9",10,9,Prue,Pâtisserie,Helena,F,40,0,,0,0,0,0,0
"Series 10, Episode 9",10,9,Prue,Pâtisserie,Henry,M,20,0,,0,0,0,0,0
"Series 10, Episode 9",10,9,Prue,Pâtisserie,Jamie,M,20,0,,0,0,0,0,0
"Series 10, Episode 9",10,9,Prue,Pâtisserie,Michael,M,26,0,,0,0,0,0,0
"Series 10, Episode 9",10,9,Prue,Pâtisserie,Michelle,F,35,0,,0,0,0,0,0
"Series 10, Episode 9",10,9,Prue,Pâtisserie,Phil,M,56,0,,0,0,0,0,0
"Series 10, Episode 9",10,9,Prue,Pâtisserie,Priya,F,34,0,,0,0,0,0,0
"Series 10, Episode 9",10,9,Prue,Pâtisserie,Rosie,F,28,0,1.0,0,0,1,1,0
"Series 10, Episode 9",10,9,Prue,Pâtisserie,Steph,F,28,0,3.0,0,0,0,1,0
"Series 10, Episode 10",10,10,Prue,Final,Alice,F,29,0,2.0,0,0,1,1,0
"Series 10, Episode 10",10,10,Prue,Final,Amelia,F,24,0,,0,0,0,0,0
"Series 10, Episode 10",10,10,Prue,Final,Dan,M,32,0,,0,0,0,0,0
"Series 10, Episode 10",10,10,Prue,Final,David,M,36,0,1.0,0,1,0,1,1
"Series 10, Episode 10",10,10,Prue,Final,Helena,F,40,0,,0,0,0,0,0
"Series 10, Episode 10",10,10,Prue,Final,Henry,M,20,0,,0,0,0,0,0
"Series 10, Episode 10",10,10,Prue,Final,Jamie,M,20,0,,0,0,0,0,0
"Series 10, Episode 10",10,10,Prue,Final,Michael,M,26,0,,0,0,0,0,0
"Series 10, Episode 10",10,10,Prue,Final,Michelle,F,35,0,,0,0,0,0,0
"Series 10, Episode 10",10,10,Prue,Final,Phil,M,56,0,,0,0,0,0,0
"Series 10, Episode 10",10,10,Prue,Final,Priya,F,34,0,,0,0,0,0,0
"Series 10, Episode 10",10,10,Prue,Final,Rosie,F,28,0,,0,0,0,0,0
"Series 10, Episode 10",10,10,Prue,Final,Steph,F,28,0,3.0,0,0,1,1,0
"Series 11, Episode 1",11,1,Prue,Cake,Dave,M,30,0,9.0,0,0,0,1,0
"Series 11, Episode 1",11,1,Prue,Cake,Hermine,F,39,0,5.0,0,0,0,1,0
"Series 11, Episode 1",11,1,Prue,Cake,Laura,F,31,0,6.0,0,0,0,1,0
"Series 11, Episode 1",11,1,Prue,Cake,Linda,F,61,0,12.0,0,0,0,1,0
"Series 11, Episode 1",11,1,Prue,Cake,Loriea,F,27,0,10.0,0,0,1,1,0
"Series 11, Episode 1",11,1,Prue,Cake,Lottie,F,31,0,4.0,0,0,0,1,0
"Series 11, Episode 1",11,1,Prue,Cake,Mak,M,51,0,8.0,0,0,0,1,0
"Series 11, Episode 1",11,1,Prue,Cake,Marc E,M,51,0,11.0,0,0,0,1,0
"Series 11, Episode 1",11,1,Prue,Cake,Mark L,M,32,0,7.0,0,0,0,1,0
"Series 11, Episode 1",11,1,Prue,Cake,Peter,M,20,0,2.0,0,1,0,1,1
"Series 11, Episode 1",11,1,Prue,Cake,Rowan,M,55,0,3.0,0,0,0,1,0
"Series 11, Episode 1",11,1,Prue,Cake,Sura,F,31,0,1.0,0,0,0,1,0
"Series 11, Episode 2",11,2,Prue,Biscuits,Dave,M,30,0,1.0,0,1,0,1,0
"Series 11, Episode 2",11,2,Prue,Biscuits,Hermine,F,39,0,5.0,0,0,0,1,0
"Series 11, Episode 2",11,2,Prue,Biscuits,Laura,F,31,0,7.0,0,0,0,1,0
"Series 11, Episode 2",11,2,Prue,Biscuits,Linda,F,61,0,4.0,0,0,0,1,0
"Series 11, Episode 2",11,2,Prue,Biscuits,Loriea,F,27,0,,0,0,0,0,0
"Series 11, Episode 2",11,2,Prue,Biscuits,Lottie,F,31,1,8.0,0,0,0,1,0
"Series 11, Episode 2",11,2,Prue,Biscuits,Mak,M,51,0,3.0,0,0,1,1,0
"Series 11, Episode 2",11,2,Prue,Biscuits,Marc E,M,51,0,9.0,0,0,0,1,0
"Series 11, Episode 2",11,2,Prue,Biscuits,Mark L,M,32,0,2.0,0,0,0,1,0
"Series 11, Episode 2",11,2,Prue,Biscuits,Peter,M,20,0,10.0,0,0,0,1,1
"Series 11, Episode 2",11,2,Prue,Biscuits,Rowan,M,55,0,11.0,0,0,0,1,0
"Series 11, Episode 2",11,2,Prue,Biscuits,Sura,F,31,0,6.0,0,0,0,1,0
"Series 11, Episode 3",11,3,Prue,Bread,Dave,M,30,0,9.0,0,0,0,1,0
"Series 11, Episode 3",11,3,Prue,Bread,Hermine,F,39,0,7.0,0,0,0,1,0
"Series 11, Episode 3",11,3,Prue,Bread,Laura,F,31,0,6.0,0,0,0,1,0
"Series 11, Episode 3",11,3,Prue,Bread,Linda,F,61,0,1.0,0,0,0,1,0
"Series 11, Episode 3",11,3,Prue,Bread,Loriea,F,27,0,,0,0,0,0,0
"Series 11, Episode 3",11,3,Prue,Bread,Lottie,F,31,0,5.0,0,0,0,1,0
"Series 11, Episode 3",11,3,Prue,Bread,Mak,M,51,0,,0,0,0,0,0
"Series 11, Episode 3",11,3,Prue,Bread,Marc E,M,51,0,2.0,0,1,0,1,0
"Series 11, Episode 3",11,3,Prue,Bread,Mark L,M,32,0,3.0,0,0,0,1,0
"Series 11, Episode 3",11,3,Prue,Bread,Peter,M,20,0,4.0,0,0,0,1,1
"Series 11, Episode 3",11,3,Prue,Bread,Rowan,M,55,0,10.0,0,0,1,1,0
"Series 11, Episode 3",11,3,Prue,Bread,Sura,F,31,0,7.0,0,0,0,1,0
"Series 11, Episode 4",11,4,Prue,Chocolate,Dave,M,30,0,8.0,0,0,0,1,0
"Series 11, Episode 4",11,4,Prue,Chocolate,Hermine,F,39,0,5.0,0,0,0,1,0
"Series 11, Episode 4",11,4,Prue,Chocolate,Laura,F,31,0,2.0,0,0,0,1,0
"Series 11, Episode 4",11,4,Prue,Chocolate,Linda,F,61,0,1.0,0,0,0,1,0
"Series 11, Episode 4",11,4,Prue,Chocolate,Loriea,F,27,0,,0,0,0,0,0
"Series 11, Episode 4",11,4,Prue,Chocolate,Lottie,F,31,0,9.0,0,0,0,1,0
"Series 11, Episode 4",11,4,Prue,Chocolate,Mak,M,51,0,,0,0,0,0,0
"Series 11, Episode 4",11,4,Prue,Chocolate,Marc E,M,51,0,6.0,0,0,0,1,0
"Series 11, Episode 4",11,4,Prue,Chocolate,Mark L,M,32,0,3.0,0,1,0,1,0
"Series 11, Episode 4",11,4,Prue,Chocolate,Peter,M,20,0,4.0,0,0,0,1,1
"Series 11, Episode 4",11,4,Prue,Chocolate,Rowan,M,55,0,,0,0,0,0,0
"Series 11, Episode 4",11,4,Prue,Chocolate,Sura,F,31,0,7.0,0,0,1,1,0
"Series 11, Episode 5",11,5,Prue,Pastry,Dave,M,30,0,5.0,0,0,0,1,0
"Series 11, Episode 5",11,5,Prue,Pastry,Hermine,F,39,0,2.0,0,0,0,1,0
"Series 11, Episode 5",11,5,Prue,Pastry,Laura,F,31,0,6.0,0,1,0,1,0
"Series 11, Episode 5",11,5,Prue,Pastry,Linda,F,61,0,8.0,0,0,1,1,0
"Series 11, Episode 5",11,5,Prue,Pastry,Loriea,F,27,0,,0,0,0,0,0
"Series 11, Episode 5",11,5,Prue,Pastry,Lottie,F,31,0,4.0,0,0,0,1,0
"Series 11, Episode 5",11,5,Prue,Pastry,Mak,M,51,0,,0,0,0,0,0
"Series 11, Episode 5",11,5,Prue,Pastry,Marc E,M,51,0,7.0,0,0,0,1,0
"Series 11, Episode 5",11,5,Prue,Pastry,Mark L,M,32,0,3.0,0,0,0,1,0
"Series 11, Episode 5",11,5,Prue,Pastry,Peter,M,20,0,1.0,0,0,0,1,1
"Series 11, Episode 5",11,5,Prue,Pastry,Rowan,M,55,0,,0,0,0,0,0
"Series 11, Episode 5",11,5,Prue,Pastry,Sura,F,31,0,,0,0,0,0,0
"Series 11, Episode 6",11,6,Prue,Japanese,Dave,M,30,0,3.0,0,0,0,1,0
"Series 11, Episode 6",11,6,Prue,Japanese,Hermine,F,39,0,4.0,0,0,0,1,0
"Series 11, Episode 6",11,6,Prue,Japanese,Laura,F,31,0,7.0,0,0,0,1,0
"Series 11, Episode 6",11,6,Prue,Japanese,Linda,F,61,0,,0,0,0,0,0
"Series 11, Episode 6",11,6,Prue,Japanese,Loriea,F,27,0,,0,0,0,0,0
"Series 11, Episode 6",11,6,Prue,Japanese,Lottie,F,31,0,2.0,0,1,0,1,0
"Series 11, Episode 6",11,6,Prue,Japanese,Mak,M,51,0,,0,0,0,0,0
"Series 11, Episode 6",11,6,Prue,Japanese,Marc E,M,51,0,6.0,0,0,0,1,0
"Series 11, Episode 6",11,6,Prue,Japanese,Mark L,M,32,0,5.0,0,0,1,1,0
"Series 11, Episode 6",11,6,Prue,Japanese,Peter,M,20,0,1.0,0,0,0,1,1
"Series 11, Episode 6",11,6,Prue,Japanese,Rowan,M,55,0,,0,0,0,0,0
"Series 11, Episode 6",11,6,Prue,Japanese,Sura,F,31,0,,0,0,0,0,0
"Series 11, Episode 7",11,7,Prue,1980s,Dave,M,30,0,6.0,0,0,0,1,0
"Series 11, Episode 7",11,7,Prue,1980s,Hermine,F,39,0,1.0,0,1,0,1,0
"Series 11, Episode 7",11,7,Prue,1980s,Laura,F,31,0,4.0,0,0,0,1,0
"Series 11, Episode 7",11,7,Prue,1980s,Linda,F,61,0,,0,0,0,0,0
"Series 11, Episode 7",11,7,Prue,1980s,Loriea,F,27,0,,0,0,0,0,0
"Series 11, Episode 7",11,7,Prue,1980s,Lottie,F,31,0,5.0,0,0,1,1,0
"Series 11, Episode 7",11,7,Prue,1980s,Mak,M,51,0,,0,0,0,0,0
"Series 11, Episode 7",11,7,Prue,1980s,Marc E,M,51,0,3.0,0,0,0,1,0
"Series 11, Episode 7",11,7,Prue,1980s,Mark L,M,32,0,,0,0,0,0,0
"Series 11, Episode 7",11,7,Prue,1980s,Peter,M,20,0,2.0,0,0,0,1,1
"Series 11, Episode 7",11,7,Prue,1980s,Rowan,M,55,0,,0,0,0,0,0
"Series 11, Episode 7",11,7,Prue,1980s,Sura,F,31,0,,0,0,0,0,0
"Series 11, Episode 8",11,8,Prue,Dessert,Dave,M,30,0,5.0,0,0,0,1,0
"Series 11, Episode 8",11,8,Prue,Dessert,Hermine,F,39,0,3.0,0,1,0,1,0
"Series 11, Episode 8",11,8,Prue,Dessert,Laura,F,31,0,1.0,0,0,0,1,0
"Series 11, Episode 8",11,8,Prue,Dessert,Linda,F,61,0,,0,0,0,0,0
"Series 11, Episode 8",11,8,Prue,Dessert,Loriea,F,27,0,,0,0,0,0,0
"Series 11, Episode 8",11,8,Prue,Dessert,Lottie,F,31,0,,0,0,0,0,0
"Series 11, Episode 8",11,8,Prue,Dessert,Mak,M,51,0,,0,0,0,0,0
"Series 11, Episode 8",11,8,Prue,Dessert,Marc E,M,51,0,2.0,0,0,1,1,0
"Series 11, Episode 8",11,8,Prue,Dessert,Mark L,M,32,0,,0,0,0,0,0
"Series 11, Episode 8",11,8,Prue,Dessert,Peter,M,20,0,4.0,0,0,0,1,1
"Series 11, Episode 8",11,8,Prue,Dessert,Rowan,M,55,0,,0,0,0,0,0
"Series 11, Episode 8",11,8,Prue,Dessert,Sura,F,31,0,,0,0,0,0,0
"Series 11, Episode 9",11,9,Prue,Pâtisserie,Dave,M,30,0,3.0,0,0,0,1,0
"Series 11, Episode 9",11,9,Prue,Pâtisserie,Hermine,F,39,0,2.0,0,0,1,1,0
"Series 11, Episode 9",11,9,Prue,Pâtisserie,Laura,F,31,0,4.0,0,0,0,1,0
"Series 11, Episode 9",11,9,Prue,Pâtisserie,Linda,F,61,0,,0,0,0,0,0
"Series 11, Episode 9",11,9,Prue,Pâtisserie,Loriea,F,27,0,,0,0,0,0,0
"Series 11, Episode 9",11,9,Prue,Pâtisserie,Lottie,F,31,0,,0,0,0,0,0
"Series 11, Episode 9",11,9,Prue,Pâtisserie,Mak,M,51,0,,0,0,0,0,0
"Series 11, Episode 9",11,9,Prue,Pâtisserie,Marc E,M,51,0,,0,0,0,0,0
"Series 11, Episode 9",11,9,Prue,Pâtisserie,Mark L,M,32,0,,0,0,0,0,0
"Series 11, Episode 9",11,9,Prue,Pâtisserie,Peter,M,20,0,1.0,0,1,0,1,1
"Series 11, Episode 9",11,9,Prue,Pâtisserie,Rowan,M,55,0,,0,0,0,0,0
"Series 11, Episode 9",11,9,Prue,Pâtisserie,Sura,F,31,0,,0,0,0,0,0
"Series 11, Episode 10",11,10,Prue,Final,Dave,M,30,0,1.0,0,0,1,1,0
"Series 11, Episode 10",11,10,Prue,Final,Hermine,F,39,0,,0,0,0,0,0
"Series 11, Episode 10",11,10,Prue,Final,Laura,F,31,0,3.0,0,0,1,1,0
"Series 11, Episode 10",11,10,Prue,Final,Linda,F,61,0,,0,0,0,0,0
"Series 11, Episode 10",11,10,Prue,Final,Loriea,F,27,0,,0,0,0,0,0
"Series 11, Episode 10",11,10,Prue,Final,Lottie,F,31,0,,0,0,0,0,0
"Series 11, Episode 10",11,10,Prue,Final,Mak,M,51,0,,0,0,0,0,0
"Series 11, Episode 10",11,10,Prue,Final,Marc E,M,51,0,,0,0,0,0,0
"Series 11, Episode 10",11,10,Prue,Final,Mark L,M,32,0,,0,0,0,0,0
"Series 11, Episode 10",11,10,Prue,Final,Peter,M,20,0,2.0,0,1,0,1,1
"Series 11, Episode 10",11,10,Prue,Final,Rowan,M,55,0,,0,0,0,0,0
"Series 11, Episode 10",11,10,Prue,Final,Sura,F,31,0,,0,0,0,0,0
